scene	code_index	zh_body
SEEN6802_1	3474	她用她所有的力量把我的手刷掉
SEEN6802_1	3490	我又把我的手踩在她的头上了
SEEN6802_1	3506	*炸弹*
SEEN6802_1	3508	又复刷净.
SEEN6802_1	3521	*倾斜*
SEEN6802_1	3537	*炸弹*
SEEN6802_1	3553	*倾斜*
SEEN6802_1	3569	*炸弹*
SEEN6802_1	3585	*倾斜*
SEEN6802_1	3601	*巴姆* .
SEEN6802_1	4234	$S046恭喜你离开医院结婚!\n$w恭喜你离开医院结婚!
SEEN6802_1	4320	这里真是个好小镇
SEEN6802_1	4400	之后,一旦我们访问渚父母在休息日打招呼 我们花时间在公园里玩
SEEN6802_1	4404	休息的时候,我们去公园玩渚他们的父母。
SEEN6802_1	4407	是乌shi最爱的地方之一.
SEEN6802_1	4409	一点都不奇怪 因为就在她家门口 她住那么久了
SEEN6802_1	4411	她的记忆中一定有很强的空间 作为她玩耍的地方早苗-先生和那个老人
SEEN6802_1	4413	我四处看看很多有孩子的父母, 就像我一样.
SEEN6802_1	4415	但大多数是母亲。
SEEN6802_1	4417	我一遍又一遍地问候他们 就像我从幼儿园去接乌石一样
SEEN6802_1	4419	当然,我与家庭主妇们谈的不多,所以我无法成为他们八卦圈子的一部分.
SEEN6802_1	4421	轮回打招呼后,我把吴雄放在秋千上,从后面推她.
SEEN6802_1	4423	宇雄的眼睛从我身边移开,开始看着一群孩子一起玩耍.
SEEN6802_1	8781	命运?
SEEN6802_1	9973	它看起来好像一切都埋在雪里了
SEEN6802_1	10429	我试图做… ?
SEEN6802_1	10487	对
SEEN6802_1	10507	我无法阻止他们
SEEN6803	57	她会怎么想? 她偶尔会低头看地,叹气.
SEEN6803	82	她开始走路
SEEN6803	88	不过…
SEEN6803	96	不过…
SEEN6803	98	и…
SEEN6803	142	她看着我的脸。
SEEN6803	297	光线非常明亮…
SEEN6803	299	单单…
SEEN6803	301	别走…
SEEN6803	303	…渚!
SEEN6803	305	更亮的灯光…
SEEN6803	308	交给我了
SEEN6803	310	好像它想包围我一样
SEEN6803	312	其温.
SEEN6803	314	我听到一个声音, 然后我感觉好像她拉 她的手离我远点。
SEEN6803	317	现在,灯光…
SEEN6803	319	覆盖了我全身
SEEN6803	696	后为小chan唱此曲.
SEEN6810	28	从力量调整到方向都是手工的
SEEN6810	31	但是既然我们在一个这么小的房间里… …无论你在哪里… …你都能达到它所有的东西,那不成问题
SEEN6810	342	我吗?
SEEN6810	1422	我回头看渚.
SEEN6810	1424	她全心全意地专注于她的功课.
SEEN6810	1435	这感觉明天不会消失的
SEEN6810	1437	我们可以在另一天分享这种幸福 当她没有家庭作业时
SEEN6810	1439	总之 我喜欢看渚辛勤工作 工作起来
SEEN6810	1441	所以我决定继续监视她
SEEN6810	1445	我坐在后面 我坐在后面 我坐在后面渚在桌子上,然后从后面抱她。
SEEN6810	3492	(… 他要我选择? )
SEEN6810	3505	脏书…
SEEN6810	4196	脏书.
SEEN6810	4377	但我想我别无选择
SEEN6810	5059	我们没有看到任何人,我知道, 但我们确实见过几个古河面包常客带孩子游泳.
SEEN6810	5061	渚连穿泳衣都玩得很开心
SEEN6810	5700	那是谁?
SEEN6810	6411	而他过去10年所做的一切.
SEEN6810	6417	他保持沉默。
SEEN6810	6706	我也爱你…
SEEN6810	7534	从今天开始
SEEN6810	7551	你的面包每块一万日元!
SEEN6810	8655	像这样,不解决问题吗?
SEEN6810	11457	这… ?
SEEN6810	11466	我确实在乎
SEEN6811	1815	祝贺你…
SEEN6811	1817	在你的毕业。
SEEN6811	1842	刚刚结束。
SEEN6811	1896	结束了…
SEEN6811	1898	参加这个仪式
SEEN6811	1972	结束了…
SEEN6811	1974	参加这个仪式
SEEN6811	2032	结束了…
SEEN6811	2034	参加这个仪式
SEEN6811	2090	结束了…
SEEN6811	2092	参加这个仪式
SEEN6811	2830	别!
SEEN6811	4372	迦叶\n$w{\fn黑体\fs22\bord1\shad0\3aHBE\4aH00\fscx67\fscy66\2cHFFFFFF\3cH808080}哦!
SEEN6811	5040	经理看到她的简历时似乎很惊讶;刚从高中毕业就结婚了.
SEEN6811	5042	但我对此感到有些松了一口气,因为它使她受到一定程度的限制.
SEEN6811	7267	如果你真的想知道的话… 这家伙在这里,
SEEN6811	7269	他想要看见渚穿着她家的餐厅装扮, 但他开始哭着对我说他太尴尬了 无法独自订购一家餐厅…
SEEN6811	9025	我听到声音,看到那个男人坐在地上。
SEEN6811	10642	戏剧俱乐部的房间就是…
SEEN6811	10646	我爱上了你…
SEEN6811	10866	包括渚.
SEEN6811	10902	我亲吻她的嘴唇。
SEEN6811	11089	渚.
SEEN6811	11141	他们会永远继续下去
SEEN6900	90	虚空悲世界.
SEEN6900	302	那个女孩怎么注意到我的?
SEEN6900	480	и
SEEN6900	482	请求。
SEEN6900	880	比这里还寂寞?
SEEN6900	902	我想这是我的答案
SEEN6900	1048	你要朋友吗?
SEEN6900	1821	就像她说的
SEEN6900	2072	我无法想出一个想法。
SEEN6900	2084	有个冬天。
SEEN6900	2275	对天空?
SEEN6900	2289	飞过天空?
SEEN6900	2702	别哭了,脸朝前
SEEN6900	2710	我们走
SEEN6900	2735	在我遥远的记忆中发现的
SEEN6900	2835	动物
SEEN6900	2849	已经不在眼前了
SEEN7000	619	那个家伙…
SEEN7000	621	早苗是学生
SEEN7000	1013	不呜呜呜呜呜呜呜呜呜呜!
SEEN7000	1211	没错 老头
SEEN7000	2669	这就是我在想的,当我感谢她。
SEEN7000	2728	她好像在安慰一个孩子
SEEN7000	3591	那个…
SEEN7000	3593	到底是谁…渚-长官?
