scene	code_index	source	jp_text	en_text	zh_text
SEEN0414	1555	nonlexical-dialogue	`＊Ｂ@「………」	`＊Ｂ@...	`＊Ｂ@「………」
SEEN0414	1631	nonlexical-dialogue	`＊Ｂ@「………」	`＊Ｂ@...	`＊Ｂ@「………」
SEEN0415	273	nonlexical-dialogue	`＊Ｂ@「………」	`＊Ｂ@...	`＊Ｂ@「………」
SEEN0415	3321	nonlexical-dialogue	`＊Ｂ@「………」	`＊Ｂ@...	`＊Ｂ@「………」
SEEN0415	3508	nonlexical-dialogue	`＊Ｂ@「………」	`＊Ｂ@...	`＊Ｂ@「………」
SEEN0415	4316	nonlexical-dialogue	`＊Ｂ@「………」	`＊Ｂ@...	`＊Ｂ@「………」
SEEN0415	5852	nonlexical-dialogue	`＊Ｂ@「………」	`＊Ｂ@...	`＊Ｂ@「………」
SEEN0415	5870	nonlexical-dialogue	`＊Ｂ@「………」	`＊Ｂ@...	`＊Ｂ@「………」
SEEN0415	6380	nonlexical-dialogue	`＊Ｂ@「………」	`＊Ｂ@...	`＊Ｂ@「………」
SEEN0415	6384	nonlexical-dialogue	`＊Ｂ@「………」	`＊Ｂ@...	`＊Ｂ@「………」
SEEN0415	6918	nonlexical-dialogue	`＊Ｂ@「………」	`＊Ｂ@...	`＊Ｂ@「………」
SEEN0416	221	nonlexical-dialogue	`％Ａ@「………」	`％Ａ@...	`％Ａ@「………」
SEEN0416	223	nonlexical-dialogue	`＊Ｂ@「………」	`＊Ｂ@...	`＊Ｂ@「………」
SEEN0416	347	nonlexical-dialogue	`％Ａ@「……？」	`％Ａ@...?	`％Ａ@「……？」
SEEN0416	1503	nonlexical-dialogue	`＊Ｂ@「………」	`＊Ｂ@...	`＊Ｂ@「………」
SEEN0416	1611	nonlexical-dialogue	`＊Ｂ@「………」	`＊Ｂ@...	`＊Ｂ@「………」
SEEN0416	2045	nonlexical-dialogue	`＊Ｂ@「………」	`＊Ｂ@...	`＊Ｂ@「………」
SEEN0416	2361	nonlexical-dialogue	`＊Ｂ@「………」	`＊Ｂ@...	`＊Ｂ@「………」
SEEN0416	3736	nonlexical-dialogue	`＊Ｂ@「………」	`＊Ｂ@...	`＊Ｂ@「………」
SEEN0416	3963	nonlexical-dialogue	`＊Ｂ@「………」	`＊Ｂ@...	`＊Ｂ@「………」
SEEN0417	486	nonlexical-dialogue	`＊Ｂ@「………」	`＊Ｂ@...	`＊Ｂ@「………」
SEEN0417	672	nonlexical-dialogue	`＊Ｂ@「………」	`＊Ｂ@...	`＊Ｂ@「………」
SEEN0417	965	nonlexical-dialogue	`＊Ｂ@「………」	`＊Ｂ@...	`＊Ｂ@「………」
SEEN0417	1361	nonlexical-dialogue	`＊Ｂ@「………」	`＊Ｂ@...	`＊Ｂ@「………」
SEEN0417	1457	nonlexical-dialogue	`＊Ｂ@「………」	`＊Ｂ@...	`＊Ｂ@「………」
SEEN0417	2091	nonlexical-dialogue	`＊Ｂ@（…？）	`＊Ｂ@（...?）	`＊Ｂ@（…？）
SEEN0417	2292	nonlexical-dialogue	`＊Ｂ@「………」	`＊Ｂ@...	`＊Ｂ@「………」
SEEN0417	2663	nonlexical-dialogue	`＊Ｂ@「………」	`＊Ｂ@...	`＊Ｂ@「………」
SEEN0417	2741	nonlexical-dialogue	`＊Ｂ@「………」	`＊Ｂ@...	`＊Ｂ@「………」
SEEN0417	2831	nonlexical-dialogue	`＊Ｂ@「………」	`＊Ｂ@...	`＊Ｂ@「………」
SEEN0417	3778	nonlexical-dialogue	`椋@「………」	`Ryou@...	`椋@「………」
SEEN0417	3780	nonlexical-dialogue	`＊Ｂ@「………」	`＊Ｂ@...	`＊Ｂ@「………」
SEEN0417	3782	nonlexical-dialogue	`椋@「………」	`Ryou@...	`椋@「………」
SEEN0418	209	nonlexical-dialogue	`＊Ｂ@「………」	`＊Ｂ@...	`＊Ｂ@「………」
SEEN0418	280	nonlexical-dialogue	`＊Ｂ@「………」	`＊Ｂ@...	`＊Ｂ@「………」
SEEN0418	397	nonlexical-dialogue	`＊Ｂ@「………」	`＊Ｂ@...	`＊Ｂ@「………」
SEEN0418	727	nonlexical-dialogue	`＊Ｂ@「………」	`＊Ｂ@...	`＊Ｂ@「………」
SEEN0419	796	nonlexical-dialogue	`＊Ｂ@「………」	`＊Ｂ@...	`＊Ｂ@「………」
SEEN0419	823	nonlexical-dialogue	`＊Ｂ@「………」	`＊Ｂ@...	`＊Ｂ@「………」
SEEN0419	2115	nonlexical-dialogue	`＊Ｂ@「………」	`＊Ｂ@...	`＊Ｂ@「………」
SEEN0420	439	nonlexical-dialogue	`＊Ｂ@「………」	`＊Ｂ@...	`＊Ｂ@「………」
SEEN0420	471	nonlexical-dialogue	`＊Ｂ@「………」	`＊Ｂ@...	`＊Ｂ@「………」
SEEN0420	475	nonlexical-dialogue	`＊Ｂ@「………」	`＊Ｂ@...	`＊Ｂ@「………」
SEEN0422	3375	nonlexical-dialogue	`＊Ｂ@「………」	`＊Ｂ@...	`＊Ｂ@「………」
SEEN0422	3417	nonlexical-dialogue	`＊Ｂ@「………」	`＊Ｂ@...	`＊Ｂ@「………」
SEEN0423	501	nonlexical-dialogue	`＊Ｂ@「………」	`＊Ｂ@...	`＊Ｂ@「………」
SEEN0423	1255	nonlexical-dialogue	`＊Ｂ@「………」	`＊Ｂ@...	`＊Ｂ@「………」
SEEN0423	2748	nonlexical-dialogue	`＊Ｂ@「………」	`＊Ｂ@...	`＊Ｂ@「………」
SEEN0424	427	nonlexical-dialogue	`＊Ｂ@「………」	`＊Ｂ@...	`＊Ｂ@「………」
SEEN0424	2404	nonlexical-dialogue	`＊Ｂ@「………」	`＊Ｂ@...	`＊Ｂ@「………」
SEEN0425	747	nonlexical-dialogue	`＊Ｂ@「………」	`＊Ｂ@...	`＊Ｂ@「………」
SEEN0425	809	nonlexical-dialogue	`＊Ｂ@「………」	`＊Ｂ@...	`＊Ｂ@「………」
SEEN0425	2220	nonlexical-dialogue	`＊Ｂ@「………」	`＊Ｂ@...	`＊Ｂ@「………」
SEEN0425	4582	nonlexical-dialogue	`＊Ｂ@「………」	`＊Ｂ@...	`＊Ｂ@「………」
SEEN0426	634	nonlexical-dialogue	`＊Ｂ@「………」	`＊Ｂ@...	`＊Ｂ@「………」
SEEN0426	837	nonlexical-dialogue	`＊Ｂ@「………」	`＊Ｂ@...	`＊Ｂ@「………」
SEEN0426	861	nonlexical-dialogue	`＊Ｂ@「………」	`＊Ｂ@...	`＊Ｂ@「………」
SEEN0429	62	nonlexical-dialogue	`＊Ｂ@「………」	`＊Ｂ@...	`＊Ｂ@「………」
SEEN0429	13188	nonlexical-dialogue	`＊Ｂ@「………」	`＊Ｂ@...	`＊Ｂ@「………」
SEEN0666	533	nonlexical-dialogue	`＊Ｂ@「ＯＫ！」	`＊Ｂ@Okay!	`＊Ｂ@「ＯＫ！」
SEEN1002	370	nonlexical-dialogue	`＊Ｂ@「………」	`＊Ｂ@...	`＊Ｂ@「………」
SEEN1003	392	nonlexical-dialogue	`＊Ｂ@「………」	`＊Ｂ@...	`＊Ｂ@「………」
SEEN1004	599	nonlexical-dialogue	`＊Ｂ@「………」	`＊Ｂ@...	`＊Ｂ@「………」
SEEN1004	601	nonlexical-dialogue	`風子@「………」	`Fuko@...	`风子@「………」
SEEN1004	603	nonlexical-dialogue	`＊Ｂ@「………」	`＊Ｂ@...	`＊Ｂ@「………」
SEEN1004	605	nonlexical-dialogue	`風子@「………」	`Fuko@...	`风子@「………」
SEEN1004	1030	nonlexical-dialogue	`＊Ｂ@「………」	`＊Ｂ@...	`＊Ｂ@「………」
SEEN1004	3413	nonlexical-dialogue	`＊Ｂ@「………」	`＊Ｂ@...	`＊Ｂ@「………」
SEEN1004	3417	nonlexical-dialogue	`＊Ｂ@「………」	`＊Ｂ@...	`＊Ｂ@「………」
SEEN1005	620	nonlexical-dialogue	`＊Ｂ@「………」	`＊Ｂ@...	`＊Ｂ@「………」
SEEN1006	548	nonlexical-dialogue	`＊Ｂ@「………」	`＊Ｂ@...	`＊Ｂ@「………」
SEEN1008	447	nonlexical-dialogue	`％Ａ@「……？」	`％Ａ@...?	`％Ａ@「……？」
SEEN1009	373	nonlexical-dialogue	`＊Ｂ@「………」	`＊Ｂ@...	`＊Ｂ@「………」
SEEN1009	1033	nonlexical-dialogue	`＊Ｂ@「………」	`＊Ｂ@...	`＊Ｂ@「………」
SEEN1418	839	nonlexical-dialogue	`＊Ｂ@「………」	`＊Ｂ@...	`＊Ｂ@「………」
SEEN1418	859	nonlexical-dialogue	`＊Ｂ@「………」	`＊Ｂ@...	`＊Ｂ@「………」
SEEN1418	863	nonlexical-dialogue	`＊Ｂ@「………」	`＊Ｂ@...	`＊Ｂ@「………」
SEEN1418	1087	nonlexical-dialogue	`＊Ｂ@「………」	`＊Ｂ@...	`＊Ｂ@「………」
SEEN1421	400	nonlexical-dialogue	`＊Ｂ@「………」	`＊Ｂ@...	`＊Ｂ@「………」
SEEN1421	558	nonlexical-dialogue	`＊Ｂ@「＊Ａ」	`＊Ｂ@＊Ａ.	`＊Ｂ@「＊Ａ」
SEEN1421	598	nonlexical-dialogue	`＊Ｂ@（…７００？）	`＊Ｂ@(...Seven-hundred?)	`＊Ｂ@（…７００？）
SEEN1423	591	nonlexical-dialogue	`＊Ｂ@「…＊Ａ」	`＊Ｂ@...＊Ａ.	`＊Ｂ@「…＊Ａ」
SEEN1423	985	nonlexical-dialogue	`風子@「………」	`Fuko@...	`风子@「………」
SEEN1426	169	nonlexical-dialogue	`＊Ｂ@「………」	`＊Ｂ@...	`＊Ｂ@「………」
SEEN1426	194	nonlexical-dialogue	`＊Ｂ@「………」	`＊Ｂ@...	`＊Ｂ@「………」
SEEN1426	547	nonlexical-dialogue	`＊Ｂ@「………」	`＊Ｂ@...	`＊Ｂ@「………」
SEEN1426	995	nonlexical-dialogue	`＊Ｂ@「………」	`＊Ｂ@...	`＊Ｂ@「………」
SEEN1426	1021	nonlexical-dialogue	`＊Ｂ@「………」	`＊Ｂ@...	`＊Ｂ@「………」
SEEN1426	1109	nonlexical-dialogue	`＊Ｂ@「………」	`＊Ｂ@...	`＊Ｂ@「………」
SEEN1426	1181	nonlexical-dialogue	`％Ａ@「………」	`％Ａ@...	`％Ａ@「………」
SEEN1426	2204	nonlexical-dialogue	`＊Ｂ@「………」	`＊Ｂ@...	`＊Ｂ@「………」
SEEN1426	2817	nonlexical-dialogue	`％Ａ@「………」	`％Ａ@...	`％Ａ@「………」
SEEN1426	2829	nonlexical-dialogue	`％Ａ@「………」	`％Ａ@...	`％Ａ@「………」
SEEN1426	2971	nonlexical-dialogue	`％Ａ@「………」	`％Ａ@...	`％Ａ@「………」
SEEN1426	3473	nonlexical-dialogue	`＊Ｂ@「………」	`＊Ｂ@...	`＊Ｂ@「………」
SEEN1426	3497	nonlexical-dialogue	`＊Ｂ@「………」	`＊Ｂ@...	`＊Ｂ@「………」
SEEN1426	3530	nonlexical-dialogue	`＊Ｂ@「………」	`＊Ｂ@...	`＊Ｂ@「………」
SEEN1426	5017	nonlexical-dialogue	`＊Ｂ@（………）	`＊Ｂ@(...)	`＊Ｂ@（………）
SEEN1426	6393	nonlexical-dialogue	`％Ａ@「………」	`％Ａ@...	`％Ａ@「………」
SEEN1427	755	nonlexical-dialogue	`＊Ｂ@「………」	`＊Ｂ@...	`＊Ｂ@「………」
SEEN1427	761	nonlexical-dialogue	`＊Ｂ@「………」	`＊Ｂ@...	`＊Ｂ@「………」
SEEN1427	1015	nonlexical-dialogue	`＊Ｂ@「………」	`＊Ｂ@...	`＊Ｂ@「………」
SEEN1427	1033	nonlexical-dialogue	`＊Ｂ@「………」	`＊Ｂ@...	`＊Ｂ@「………」
SEEN1427	1780	nonlexical-dialogue	`＊Ｂ@「………」	`＊Ｂ@...	`＊Ｂ@「………」
SEEN1427	1904	nonlexical-dialogue	`＊Ｂ@「………」	`＊Ｂ@...	`＊Ｂ@「………」
SEEN1427	2012	nonlexical-dialogue	`％Ａ@「………」	`％Ａ@...	`％Ａ@「………」
SEEN1427	2194	nonlexical-dialogue	`＊Ｂ@「………」	`＊Ｂ@...	`＊Ｂ@「………」
SEEN1427	2204	nonlexical-dialogue	`＊Ｂ@「………」	`＊Ｂ@...	`＊Ｂ@「………」
SEEN1427	2246	nonlexical-dialogue	`％Ａ@「………」	`％Ａ@...	`％Ａ@「………」
SEEN1428	502	nonlexical-dialogue	`＊Ｂ@「………」	`＊Ｂ@...	`＊Ｂ@「………」
SEEN1428	1204	nonlexical-dialogue	`＊Ｂ@「………」	`＊Ｂ@...	`＊Ｂ@「………」
SEEN1428	2158	nonlexical-dialogue	`％Ａ@「…？」	`％Ａ@...?	`％Ａ@「…？」
SEEN1428	6331	nonlexical-dialogue	`＊Ｂ@「………」	`＊Ｂ@...	`＊Ｂ@「………」
SEEN1428	6349	nonlexical-dialogue	`＊Ｂ@「………」	`＊Ｂ@...	`＊Ｂ@「………」
SEEN1428	7455	nonlexical-dialogue	`＊Ｂ@「………」	`＊Ｂ@...	`＊Ｂ@「………」
SEEN1428	8249	nonlexical-dialogue	`＊Ｂ@「………」	`＊Ｂ@...	`＊Ｂ@「………」
SEEN1429	954	nonlexical-dialogue	`＊Ｂ@「………」	`＊Ｂ@...	`＊Ｂ@「………」
SEEN1429	1055	nonlexical-dialogue	`＊Ｂ@「………」	`＊Ｂ@...	`＊Ｂ@「………」
SEEN1429	1144	nonlexical-dialogue	`％Ａ@「………」	`％Ａ@...	`％Ａ@「………」
SEEN1429	2565	nonlexical-dialogue	`＊Ｂ@「………」	`＊Ｂ@...	`＊Ｂ@「………」
SEEN1429	2806	nonlexical-dialogue	`＊Ｂ@「………」	`＊Ｂ@...	`＊Ｂ@「………」
SEEN1430	111	nonlexical-dialogue	`％Ａ@「…？」	`％Ａ@...?	`％Ａ@「…？」
SEEN1430	5215	nonlexical-dialogue	`％Ａ@「………」	`％Ａ@...	`％Ａ@「………」
SEEN1430	5385	nonlexical-dialogue	`％Ａ@「………」	`％Ａ@...	`％Ａ@「………」
SEEN1430	5461	nonlexical-dialogue	`＊Ｂ@「………」	`＊Ｂ@...	`＊Ｂ@「………」
SEEN1501	482	nonlexical-dialogue	`＊Ｂ@「………」	`＊Ｂ@...	`＊Ｂ@「………」
SEEN1501	497	nonlexical-dialogue	`＊Ｂ@「５、	`＊Ｂ@5, 	`＊Ｂ@「５、
SEEN1501	505	nonlexical-dialogue	`＊Ｂ@「２…」	`＊Ｂ@2...	`＊Ｂ@「２…」
SEEN1501	507	nonlexical-dialogue	`＊Ｂ@「…１」	`＊Ｂ@...1.	`＊Ｂ@「…１」
SEEN1501	2006	nonlexical-dialogue	`％Ａ@「………」	`％Ａ@...	`％Ａ@「………」
SEEN1501	2435	nonlexical-dialogue	`％Ａ@「………」	`％Ａ@...	`％Ａ@「………」
SEEN1501	2651	nonlexical-dialogue	`％Ａ@「………」	`％Ａ@...	`％Ａ@「………」
SEEN1502	705	nonlexical-dialogue	`＊Ｂ@「………」	`＊Ｂ@...	`＊Ｂ@「………」
SEEN1503	461	nonlexical-dialogue	`％Ａ@「………」	`％Ａ@...	`％Ａ@「………」
SEEN1503	1375	nonlexical-dialogue	`％Ａ@「………」	`％Ａ@...	`％Ａ@「………」
SEEN1503	2221	nonlexical-dialogue	`＊Ｂ@「％Ａ」	`＊Ｂ@％Ａ.	`＊Ｂ@「％Ａ」
SEEN1503	2321	nonlexical-dialogue	`＊Ｂ@「………」	`＊Ｂ@...	`＊Ｂ@「………」
SEEN1503	2547	nonlexical-dialogue	`％Ａ@「………」	`％Ａ@...	`％Ａ@「………」
SEEN1503	2579	nonlexical-dialogue	`％Ａ@「………」	`％Ａ@...	`％Ａ@「………」
SEEN1503	2683	nonlexical-dialogue	`＊Ｂ@「………」	`＊Ｂ@...	`＊Ｂ@「………」
SEEN1503	4479	nonlexical-dialogue	`％Ａ@「………」	`％Ａ@...	`％Ａ@「………」
SEEN1504	288	nonlexical-dialogue	`＊Ｂ@「………」	`＊Ｂ@...	`＊Ｂ@「………」
SEEN1506	681	nonlexical-dialogue	`＊Ｂ@「………」	`＊Ｂ@...	`＊Ｂ@「………」
SEEN1506	1199	nonlexical-dialogue	`％Ａ@「………」	`％Ａ@...	`％Ａ@「………」
SEEN1507	269	nonlexical-dialogue	`＊Ｂ@「………」	`＊Ｂ@...	`＊Ｂ@「………」
SEEN1507	396	nonlexical-dialogue	`＊Ｂ@「………」	`＊Ｂ@...	`＊Ｂ@「………」
SEEN1507	444	nonlexical-dialogue	`＊Ｂ@「………」	`＊Ｂ@...	`＊Ｂ@「………」
SEEN1507	636	nonlexical-dialogue	`＊Ｂ@「………」	`＊Ｂ@...	`＊Ｂ@「………」
SEEN1507	662	nonlexical-dialogue	`＊Ｂ@「………」	`＊Ｂ@...	`＊Ｂ@「………」
SEEN1507	744	nonlexical-dialogue	`＊Ｂ@「＊Ａ」	`＊Ｂ@＊Ａ.	`＊Ｂ@「＊Ａ」
SEEN1511	1056	nonlexical-dialogue	`＊Ｂ@「………」	`＊Ｂ@...	`＊Ｂ@「………」
SEEN1511	2066	nonlexical-dialogue	`％Ａ@「………」	`％Ａ@...	`％Ａ@「………」
SEEN1511	2088	nonlexical-dialogue	`＊Ｂ@「％Ａ…」	`＊Ｂ@％Ａ...	`＊Ｂ@「％Ａ…」
SEEN1511	2112	nonlexical-dialogue	`％Ａ@「………」	`％Ａ@...	`％Ａ@「………」
SEEN1511	2204	nonlexical-dialogue	`＊Ｂ@「………」	`＊Ｂ@...	`＊Ｂ@「………」
SEEN1511	2869	nonlexical-dialogue	`＊Ｂ@「………」	`＊Ｂ@...	`＊Ｂ@「………」
SEEN1511	3430	nonlexical-dialogue	`＊Ｂ@「………」	`＊Ｂ@...	`＊Ｂ@「………」
SEEN1511	4196	nonlexical-dialogue	`％Ａ@「………」	`％Ａ@...	`％Ａ@「………」
SEEN1511	4200	nonlexical-dialogue	`＊Ｂ@「％Ａ…」	`＊Ｂ@％Ａ...	`＊Ｂ@「％Ａ…」
SEEN1511	4276	nonlexical-dialogue	`＊Ｂ@「％Ａ…？」	`＊Ｂ@％Ａ...?	`＊Ｂ@「％Ａ…？」
SEEN1513	734	nonlexical-dialogue	`＊Ｂ@「………」	`＊Ｂ@...	`＊Ｂ@「………」
SEEN1513	893	nonlexical-dialogue	`＊Ｂ@「………」	`＊Ｂ@...	`＊Ｂ@「………」
SEEN1513	1049	nonlexical-dialogue	`＊Ｂ@「………」	`＊Ｂ@...	`＊Ｂ@「………」
SEEN1513	1055	nonlexical-dialogue	`＊Ｂ@「………」	`＊Ｂ@...	`＊Ｂ@「………」
SEEN1513	1143	nonlexical-dialogue	`＊Ｂ@「………」	`＊Ｂ@...	`＊Ｂ@「………」
SEEN1514	645	nonlexical-dialogue	`＊Ｂ@「………」	`＊Ｂ@...	`＊Ｂ@「………」
SEEN1514	839	nonlexical-dialogue	`％Ａ@「………」	`％Ａ@...	`％Ａ@「………」
SEEN1514	1185	nonlexical-dialogue	`＊Ｂ@「………」	`＊Ｂ@...	`＊Ｂ@「………」
SEEN1514	1293	nonlexical-dialogue	`％Ａ@「………」	`％Ａ@...	`％Ａ@「………」
SEEN1514	1553	nonlexical-dialogue	`＊Ｂ@「………」	`＊Ｂ@...	`＊Ｂ@「………」
SEEN1514	1573	nonlexical-dialogue	`＊Ｂ@「………」	`＊Ｂ@...	`＊Ｂ@「………」
SEEN1514	1595	nonlexical-dialogue	`＊Ｂ@「………」	`＊Ｂ@...	`＊Ｂ@「………」
SEEN1515	349	nonlexical-dialogue	`＊Ｂ@「………」	`＊Ｂ@...	`＊Ｂ@「………」
SEEN1515	657	nonlexical-dialogue	`＊Ｂ@「………」	`＊Ｂ@...	`＊Ｂ@「………」
SEEN1515	916	nonlexical-dialogue	`＊Ｂ@「………」	`＊Ｂ@...	`＊Ｂ@「………」
SEEN1515	1259	nonlexical-dialogue	`＊Ｂ@「………」	`＊Ｂ@...	`＊Ｂ@「………」
SEEN1515	1269	nonlexical-dialogue	`＊Ｂ@「………」	`＊Ｂ@...	`＊Ｂ@「………」
SEEN1516	318	nonlexical-dialogue	`＊Ｂ@「………」	`＊Ｂ@...	`＊Ｂ@「………」
SEEN1516	1130	nonlexical-dialogue	`＊Ｂ@「………」	`＊Ｂ@...	`＊Ｂ@「………」
SEEN1516	1650	nonlexical-dialogue	`＊Ｂ@「％Ａ…」	`＊Ｂ@％Ａ...	`＊Ｂ@「％Ａ…」
SEEN1516	1694	nonlexical-dialogue	`％Ａ@「………」	`％Ａ@...	`％Ａ@「………」
SEEN1516	1714	nonlexical-dialogue	`％Ａ@「………」	`％Ａ@...	`％Ａ@「………」
SEEN1516	2377	nonlexical-dialogue	`＊Ｂ@「………」	`＊Ｂ@...	`＊Ｂ@「………」
SEEN1516	2403	nonlexical-dialogue	`＊Ｂ@「………」	`＊Ｂ@...	`＊Ｂ@「………」
SEEN1516	3407	nonlexical-dialogue	`＊Ｂ@「………」	`＊Ｂ@...	`＊Ｂ@「………」
SEEN1517	228	nonlexical-dialogue	`＊Ｂ@「％Ａ…」	`＊Ｂ@％Ａ...	`＊Ｂ@「％Ａ…」
SEEN1517	433	nonlexical-dialogue	`＊Ｂ@「………」	`＊Ｂ@...	`＊Ｂ@「………」
SEEN1517	737	nonlexical-dialogue	`＊Ｂ@「………」	`＊Ｂ@...	`＊Ｂ@「………」
SEEN1518	582	nonlexical-dialogue	`＊Ｂ@「………」	`＊Ｂ@...	`＊Ｂ@「………」
SEEN1518	1750	nonlexical-dialogue	`＊Ｂ@「………」	`＊Ｂ@...	`＊Ｂ@「………」
SEEN2415	321	nonlexical-dialogue	`＊Ｂ@「………」	`＊Ｂ@Ah...	`＊Ｂ@「………」
SEEN2417	19	nonlexical-dialogue	`＊Ｂ@「………」	`＊Ｂ@...	`＊Ｂ@「………」
SEEN2417	1275	nonlexical-dialogue	`＊Ｂ@「………」	`＊Ｂ@...	`＊Ｂ@「………」
SEEN2417	2671	nonlexical-dialogue	`＊Ｂ@「………」	`＊Ｂ@...	`＊Ｂ@「………」
SEEN2417	2757	nonlexical-dialogue	`＊Ｂ@「………」	`＊Ｂ@...	`＊Ｂ@「………」
SEEN2417	3245	nonlexical-dialogue	`＊Ｂ@「………」	`＊Ｂ@...	`＊Ｂ@「………」
SEEN2421	120	nonlexical-dialogue	`＊Ｂ@「………」	`＊Ｂ@...	`＊Ｂ@「………」
SEEN2421	1844	nonlexical-dialogue	`＊Ｂ@「………」	`＊Ｂ@...	`＊Ｂ@「………」
SEEN2421	2097	nonlexical-dialogue	`＊Ｂ@「………」	`＊Ｂ@...	`＊Ｂ@「………」
SEEN2422	3473	nonlexical-dialogue	`＊Ｂ@「………」	`＊Ｂ@...	`＊Ｂ@「………」
SEEN2422	4343	nonlexical-dialogue	`＊Ｂ@「………」	`＊Ｂ@...	`＊Ｂ@「………」
SEEN2423	378	nonlexical-dialogue	`＊Ｂ@「………」	`＊Ｂ@...	`＊Ｂ@「………」
SEEN2423	4740	nonlexical-dialogue	`＊Ｂ@「………」	`＊Ｂ@...	`＊Ｂ@「………」
SEEN2424	3429	nonlexical-dialogue	`＊Ｂ@「………」	`＊Ｂ@...	`＊Ｂ@「………」
SEEN2424	3657	nonlexical-dialogue	`＊Ｂ@「………」	`＊Ｂ@...	`＊Ｂ@「………」
SEEN2424	3677	nonlexical-dialogue	`＊Ｂ@「………」	`＊Ｂ@...	`＊Ｂ@「………」
SEEN2425	71	nonlexical-dialogue	`＊Ｂ@「………」	`＊Ｂ@...	`＊Ｂ@「………」
SEEN2425	1668	nonlexical-dialogue	`＊Ｂ@「………」	`＊Ｂ@...	`＊Ｂ@「………」
SEEN2426	218	nonlexical-dialogue	`＊Ｂ@（………）	`＊Ｂ@(...)	`＊Ｂ@（………）
SEEN2426	1179	nonlexical-dialogue	`＊Ｂ@「………」	`＊Ｂ@...	`＊Ｂ@「………」
SEEN2426	1191	nonlexical-dialogue	`＊Ｂ@「………」	`＊Ｂ@...	`＊Ｂ@「………」
SEEN2428	487	nonlexical-dialogue	`＊Ｂ@（………）	`＊Ｂ@(...)	`＊Ｂ@（………）
SEEN2430	105	nonlexical-dialogue	`＊Ｂ@「………」	`＊Ｂ@...	`＊Ｂ@「………」
SEEN2501	309	nonlexical-dialogue	`＊Ｂ@「………」	`＊Ｂ@...	`＊Ｂ@「………」
SEEN2501	477	nonlexical-dialogue	`＊Ｂ@「………」	`＊Ｂ@...	`＊Ｂ@「………」
SEEN2501	1221	nonlexical-dialogue	`＊Ｂ@「………」	`＊Ｂ@...	`＊Ｂ@「………」
SEEN2501	1239	nonlexical-dialogue	`＊Ｂ@「………」	`＊Ｂ@...	`＊Ｂ@「………」
SEEN2501	1253	nonlexical-dialogue	`＊Ｂ@「………」	`＊Ｂ@...	`＊Ｂ@「………」
SEEN2501	1400	nonlexical-dialogue	`＊Ｂ@「………」	`＊Ｂ@...	`＊Ｂ@「………」
SEEN2502	1543	nonlexical-dialogue	`＊Ｂ@「………」	`＊Ｂ@...	`＊Ｂ@「………」
SEEN2502	1636	nonlexical-dialogue	`＊Ｂ@「………」	`＊Ｂ@...	`＊Ｂ@「………」
SEEN2502	1841	nonlexical-dialogue	`＊Ｂ@「………」	`＊Ｂ@...	`＊Ｂ@「………」
SEEN2502	1861	nonlexical-dialogue	`＊Ｂ@「………」	`＊Ｂ@...	`＊Ｂ@「………」
SEEN2503	1061	nonlexical-dialogue	`＊Ｂ@「………」	`＊Ｂ@...	`＊Ｂ@「………」
SEEN2503	1115	nonlexical-dialogue	`＊Ｂ@「………」	`＊Ｂ@...	`＊Ｂ@「………」
SEEN2503	1261	nonlexical-dialogue	`＊Ｂ@「………」	`＊Ｂ@...	`＊Ｂ@「………」
SEEN2503	1374	nonlexical-dialogue	`＊Ｂ@「………」	`＊Ｂ@...	`＊Ｂ@「………」
SEEN2503	1631	nonlexical-dialogue	`＊Ｂ@「………」	`＊Ｂ@...	`＊Ｂ@「………」
SEEN2505	443	nonlexical-dialogue	`＊Ｂ@「………」	`＊Ｂ@...	`＊Ｂ@「………」
SEEN2505	627	nonlexical-dialogue	`＊Ｂ@「………」	`＊Ｂ@...	`＊Ｂ@「………」
SEEN2506	69	nonlexical-dialogue	`＊Ｂ@「………」	`＊Ｂ@...	`＊Ｂ@「………」
SEEN2506	731	nonlexical-dialogue	`＊Ｂ@「………」	`＊Ｂ@...	`＊Ｂ@「………」
SEEN2508	172	nonlexical-dialogue	`＊Ｂ@「………」	`＊Ｂ@...	`＊Ｂ@「………」
SEEN2508	285	nonlexical-dialogue	`＊Ｂ@「………」	`＊Ｂ@...	`＊Ｂ@「………」
SEEN2508	291	nonlexical-dialogue	`＊Ｂ@「………」	`＊Ｂ@...	`＊Ｂ@「………」
SEEN2508	372	nonlexical-dialogue	`＊Ｂ@「………」	`＊Ｂ@...	`＊Ｂ@「………」
SEEN2508	499	nonlexical-dialogue	`＊Ｂ@「………」	`＊Ｂ@...	`＊Ｂ@「………」
SEEN2508	517	nonlexical-dialogue	`＊Ｂ@「………」	`＊Ｂ@...	`＊Ｂ@「………」
SEEN2508	521	nonlexical-dialogue	`＊Ｂ@「………」	`＊Ｂ@...	`＊Ｂ@「………」
SEEN2508	531	nonlexical-dialogue	`＊Ｂ@「………」	`＊Ｂ@...	`＊Ｂ@「………」
SEEN2508	549	nonlexical-dialogue	`＊Ｂ@「………」	`＊Ｂ@...	`＊Ｂ@「………」
SEEN2508	569	nonlexical-dialogue	`＊Ｂ@「………」	`＊Ｂ@...	`＊Ｂ@「………」
SEEN2510	256	nonlexical-dialogue	`＊Ｂ@「………」	`＊Ｂ@...	`＊Ｂ@「………」
SEEN2511	949	nonlexical-dialogue	`＊Ｂ@「………」	`＊Ｂ@...	`＊Ｂ@「………」
SEEN2511	4511	nonlexical-dialogue	`＊Ｂ@「………」	`＊Ｂ@...	`＊Ｂ@「………」
SEEN2511	4557	nonlexical-dialogue	`＊Ｂ@「………」	`＊Ｂ@...	`＊Ｂ@「………」
SEEN2511	5258	nonlexical-dialogue	`＊Ｂ@「………」	`＊Ｂ@...	`＊Ｂ@「………」
SEEN2514	176	nonlexical-dialogue	`＊Ｂ@「………」	`＊Ｂ@...	`＊Ｂ@「………」
SEEN2514	606	nonlexical-dialogue	`＊Ｂ@「………」	`＊Ｂ@...	`＊Ｂ@「………」
SEEN2514	728	nonlexical-dialogue	`＊Ｂ@「………」	`＊Ｂ@...	`＊Ｂ@「………」
SEEN2514	1041	nonlexical-dialogue	`＊Ｂ@「………」	`＊Ｂ@...	`＊Ｂ@「………」
SEEN2514	1049	nonlexical-dialogue	`＊Ｂ@「………」	`＊Ｂ@...	`＊Ｂ@「………」
SEEN2514	1161	nonlexical-dialogue	`＊Ｂ@「………」	`＊Ｂ@...	`＊Ｂ@「………」
SEEN2514	1229	nonlexical-dialogue	`＊Ｂ@「………」	`＊Ｂ@...	`＊Ｂ@「………」
SEEN2514	1316	nonlexical-dialogue	`＊Ｂ@「………」	`＊Ｂ@...	`＊Ｂ@「………」
SEEN2514	1328	nonlexical-dialogue	`＊Ｂ@「………」	`＊Ｂ@...	`＊Ｂ@「………」
SEEN2514	1358	nonlexical-dialogue	`＊Ｂ@「………」	`＊Ｂ@...	`＊Ｂ@「………」
SEEN2514	1380	nonlexical-dialogue	`＊Ｂ@「………」	`＊Ｂ@...	`＊Ｂ@「………」
SEEN2514	1394	nonlexical-dialogue	`＊Ｂ@「………」	`＊Ｂ@...	`＊Ｂ@「………」
SEEN2514	1398	nonlexical-dialogue	`＊Ｂ@「………」	`＊Ｂ@...	`＊Ｂ@「………」
SEEN2514	1426	nonlexical-dialogue	`＊Ｂ@「………」	`＊Ｂ@...	`＊Ｂ@「………」
SEEN2514	1430	nonlexical-dialogue	`＊Ｂ@「………」	`＊Ｂ@...	`＊Ｂ@「………」
SEEN2514	1440	nonlexical-dialogue	`＊Ｂ@「………」	`＊Ｂ@...	`＊Ｂ@「………」
SEEN2514	1444	nonlexical-dialogue	`＊Ｂ@「………」	`＊Ｂ@...	`＊Ｂ@「………」
SEEN2514	1816	nonlexical-dialogue	`＊Ｂ@「………」	`＊Ｂ@...	`＊Ｂ@「………」
SEEN2514	1838	nonlexical-dialogue	`智代@「………」	`Tomoyo@...	`智代@「………」
SEEN2514	1852	nonlexical-dialogue	`＊Ｂ@「………」	`＊Ｂ@...	`＊Ｂ@「………」
SEEN2514	2024	nonlexical-dialogue	`＊Ｂ@「………」	`＊Ｂ@...	`＊Ｂ@「………」
SEEN2514	2052	nonlexical-dialogue	`＊Ｂ@「………」	`＊Ｂ@...	`＊Ｂ@「………」
SEEN2514	2118	nonlexical-dialogue	`＊Ｂ@「…	`＊Ｂ@...	`＊Ｂ@「…
SEEN2514	2569	nonlexical-dialogue	`＊Ｂ@「………」	`＊Ｂ@...	`＊Ｂ@「………」
SEEN2514	5017	nonlexical-dialogue	`＊Ｂ@「………」	`＊Ｂ@...	`＊Ｂ@「………」
SEEN2514	5059	nonlexical-dialogue	`＊Ｂ@「………」	`＊Ｂ@...	`＊Ｂ@「………」
SEEN2514	5063	nonlexical-dialogue	`＊Ｂ@「………」	`＊Ｂ@...	`＊Ｂ@「………」
SEEN2514	5067	nonlexical-dialogue	`＊Ｂ@「………」	`＊Ｂ@...	`＊Ｂ@「………」
SEEN2514	5089	nonlexical-dialogue	`＊Ｂ@「………」	`＊Ｂ@...	`＊Ｂ@「………」
SEEN2514	5119	nonlexical-dialogue	`＊Ｂ@「………」	`＊Ｂ@...	`＊Ｂ@「………」
SEEN2514	5139	nonlexical-dialogue	`＊Ｂ@「………」	`＊Ｂ@...	`＊Ｂ@「………」
SEEN2514	5143	nonlexical-dialogue	`＊Ｂ@「………」	`＊Ｂ@...	`＊Ｂ@「………」
SEEN2514	5178	nonlexical-dialogue	`＊Ｂ@「………」	`＊Ｂ@...	`＊Ｂ@「………」
SEEN2514	5221	nonlexical-dialogue	`＊Ｂ@「………」	`＊Ｂ@...	`＊Ｂ@「………」
SEEN2514	5259	nonlexical-dialogue	`＊Ｂ@「………」	`＊Ｂ@...	`＊Ｂ@「………」
SEEN2514	5300	nonlexical-dialogue	`＊Ｂ@「………」	`＊Ｂ@...	`＊Ｂ@「………」
SEEN2514	5335	nonlexical-dialogue	`＊Ｂ@「………」	`＊Ｂ@...	`＊Ｂ@「………」
SEEN3001	3	nonlexical-dialogue	`＊Ｂ@「…？」	`＊Ｂ@...?	`＊Ｂ@「…？」
SEEN3001	567	nonlexical-dialogue	`＊Ｂ@「…？」	`＊Ｂ@...?	`＊Ｂ@「…？」
SEEN3001	998	nonlexical-dialogue	`＊Ｂ@「………」	`＊Ｂ@...	`＊Ｂ@「………」
SEEN3001	1226	nonlexical-dialogue	`＊Ｂ@「………」	`＊Ｂ@...	`＊Ｂ@「………」
SEEN3415	144	nonlexical-dialogue	`＊Ｂ@「………」	`＊Ｂ@...	`＊Ｂ@「………」
SEEN3415	322	nonlexical-dialogue	`＊Ｂ@「………」	`＊Ｂ@...	`＊Ｂ@「………」
SEEN3415	418	nonlexical-dialogue	`＊Ｂ@「…？」	`＊Ｂ@...?	`＊Ｂ@「…？」
SEEN3415	528	nonlexical-dialogue	`＊Ｂ@「………」	`＊Ｂ@...	`＊Ｂ@「………」
SEEN3415	874	nonlexical-dialogue	`＊Ｂ@「………」	`＊Ｂ@...	`＊Ｂ@「………」
SEEN3416	58	nonlexical-dialogue	`＊Ｂ@「………」	`＊Ｂ@...	`＊Ｂ@「………」
SEEN3416	99	nonlexical-dialogue	`＊Ｂ@「………」	`＊Ｂ@...	`＊Ｂ@「………」
SEEN3416	117	nonlexical-dialogue	`＊Ｂ@「………」	`＊Ｂ@...	`＊Ｂ@「………」
SEEN3416	162	nonlexical-dialogue	`＊Ｂ@「………」	`＊Ｂ@...	`＊Ｂ@「………」
SEEN3416	184	nonlexical-dialogue	`＊Ｂ@「………」	`＊Ｂ@...	`＊Ｂ@「………」
SEEN3416	394	nonlexical-dialogue	`＊Ｂ@「………」	`＊Ｂ@...	`＊Ｂ@「………」
SEEN3416	452	nonlexical-dialogue	`＊Ｂ@「………」	`＊Ｂ@...	`＊Ｂ@「………」
SEEN3416	660	nonlexical-dialogue	`＊Ｂ@「………」	`＊Ｂ@...	`＊Ｂ@「………」
SEEN3416	1101	nonlexical-dialogue	`＊Ｂ@「………」	`＊Ｂ@...	`＊Ｂ@「………」
SEEN3416	1343	nonlexical-dialogue	`＊Ｂ@「………」	`＊Ｂ@...	`＊Ｂ@「………」
SEEN3417	29	nonlexical-dialogue	`＊Ｂ@「………」	`＊Ｂ@...	`＊Ｂ@「………」
SEEN3417	146	nonlexical-dialogue	`＊Ｂ@「………」	`＊Ｂ@...	`＊Ｂ@「………」
SEEN3417	240	nonlexical-dialogue	`＊Ｂ@「………」	`＊Ｂ@...	`＊Ｂ@「………」
SEEN3417	287	nonlexical-dialogue	`＊Ｂ@「Ｇｏ！」	`＊Ｂ@Go!	`＊Ｂ@「Ｇｏ！」
SEEN3417	527	nonlexical-dialogue	`＊Ｂ@「…？」	`＊Ｂ@...?	`＊Ｂ@「…？」
SEEN3417	570	nonlexical-dialogue	`＊Ｂ@「……？」	`＊Ｂ@...?	`＊Ｂ@「……？」
SEEN3417	595	nonlexical-dialogue	`＊Ｂ@「………」	`＊Ｂ@...	`＊Ｂ@「………」
SEEN3417	723	nonlexical-dialogue	`＊Ｂ@「………」	`＊Ｂ@...	`＊Ｂ@「………」
SEEN3417	854	nonlexical-dialogue	`＊Ｂ@「………」	`＊Ｂ@...	`＊Ｂ@「………」
SEEN3417	892	nonlexical-dialogue	`＊Ｂ@「………」	`＊Ｂ@...	`＊Ｂ@「………」
SEEN3417	1067	nonlexical-dialogue	`＊Ｂ@「………」	`＊Ｂ@...	`＊Ｂ@「………」
SEEN3418	522	nonlexical-dialogue	`＊Ｂ@「………」	`＊Ｂ@...	`＊Ｂ@「………」
SEEN3418	1046	nonlexical-dialogue	`＊Ｂ@（ｺﾞﾆｮｺﾞﾆｮ…ｺﾞﾆｮ…）	`＊Ｂ@Whisper... whisper...	`＊Ｂ@（ｺﾞﾆｮｺﾞﾆｮ…ｺﾞﾆｮ…）
SEEN3418	1064	nonlexical-dialogue	`＊Ｂ@（ｺﾞﾆｮ…ｺﾞﾆｮｺﾞﾆｮ…）	`＊Ｂ@Whisper... whisper...	`＊Ｂ@（ｺﾞﾆｮ…ｺﾞﾆｮｺﾞﾆｮ…）
SEEN3418	1068	nonlexical-dialogue	`＊Ｂ@（…ｺﾞﾆｮｺﾞﾆｮ…ｺﾞﾆｮ…ｺﾞﾆｮ…）	`＊Ｂ@*Whisper* *Whisper*	`＊Ｂ@（…ｺﾞﾆｮｺﾞﾆｮ…ｺﾞﾆｮ…ｺﾞﾆｮ…）
SEEN3418	1226	nonlexical-dialogue	`＊Ｂ@「………」	`＊Ｂ@...	`＊Ｂ@「………」
SEEN3418	1421	nonlexical-dialogue	`杏・＊Ｂ@「………」\n$w「………」	`Kyou & ＊Ｂ@......\n$w......	`杏・＊Ｂ@「………」\n$w「………」
SEEN3418	1493	nonlexical-dialogue	`＊Ｂ@「………」	`＊Ｂ@...	`＊Ｂ@「………」
SEEN3418	2269	nonlexical-dialogue	`杏・＊Ｂ@「………」\n$w「………」	`Kyou & ＊Ｂ@......\n$w......	`杏・＊Ｂ@「………」\n$w「………」
SEEN3418	2524	nonlexical-dialogue	`＊Ｂ@「…？」	`＊Ｂ@...?	`＊Ｂ@「…？」
SEEN3418	2896	nonlexical-dialogue	`＊Ｂ@「？」	`＊Ｂ@?	`＊Ｂ@「？」
SEEN3418	3050	nonlexical-dialogue	`＊Ｂ@「？」	`＊Ｂ@?	`＊Ｂ@「？」
SEEN3418	3227	nonlexical-dialogue	`＊Ｂ@「…？」	`＊Ｂ@...?	`＊Ｂ@「…？」
SEEN3418	3245	nonlexical-dialogue	`＊Ｂ@「………」	`＊Ｂ@...	`＊Ｂ@「………」
SEEN3418	3482	nonlexical-dialogue	`杏・＊Ｂ@「………」\n$w「………」	`Kyou & ＊Ｂ@......\n$w......	`杏・＊Ｂ@「………」\n$w「………」
SEEN3418	3782	nonlexical-dialogue	`＊Ｂ・杏@「………」\n$w「………」	`＊Ｂ & Kyou@......\n$w......	`＊Ｂ・杏@「………」\n$w「………」
SEEN3419	257	nonlexical-dialogue	`＊Ｂ@「………」	`＊Ｂ@...	`＊Ｂ@「………」
SEEN3419	726	nonlexical-dialogue	`＊Ｂ@「………」	`＊Ｂ@...	`＊Ｂ@「………」
SEEN3419	762	nonlexical-dialogue	`＊Ｂ@「………」	`＊Ｂ@...	`＊Ｂ@「………」
SEEN3421	118	nonlexical-dialogue	`＊Ｂ@「………」	`＊Ｂ@...	`＊Ｂ@「………」
SEEN3421	125	nonlexical-dialogue	`＊Ｂ@「………」	`＊Ｂ@...	`＊Ｂ@「………」
SEEN3421	146	nonlexical-dialogue	`＊Ｂ@「………」	`＊Ｂ@...	`＊Ｂ@「………」
SEEN3421	151	nonlexical-dialogue	`＊Ｂ@「………」	`＊Ｂ@...	`＊Ｂ@「………」
SEEN3421	412	nonlexical-dialogue	`＊Ｂ@「？」	`＊Ｂ@Hm?	`＊Ｂ@「？」
SEEN3421	528	nonlexical-dialogue	`＊Ｂ@「………」	`＊Ｂ@...	`＊Ｂ@「………」
SEEN3421	907	nonlexical-dialogue	`＊Ｂ@「………」	`＊Ｂ@...	`＊Ｂ@「………」
SEEN3422	89	nonlexical-dialogue	`＊Ｂ@（??）	`＊Ｂ@Huh?	`＊Ｂ@（??）
SEEN3422	127	nonlexical-dialogue	`＊Ｂ@「………」	`＊Ｂ@...	`＊Ｂ@「………」
SEEN3422	135	nonlexical-dialogue	`＊Ｂ@「………」	`＊Ｂ@...	`＊Ｂ@「………」
SEEN3422	516	nonlexical-dialogue	`＊Ｂ@「………」	`＊Ｂ@...	`＊Ｂ@「………」
SEEN3422	556	nonlexical-dialogue	`＊Ｂ@「…？」	`＊Ｂ@...?	`＊Ｂ@「…？」
SEEN3422	614	nonlexical-dialogue	`＊Ｂ@「………」	`＊Ｂ@...	`＊Ｂ@「………」
SEEN3422	862	nonlexical-dialogue	`＊Ｂ@「…？」	`＊Ｂ@...?	`＊Ｂ@「…？」
SEEN3422	1667	nonlexical-dialogue	`＊Ｂ@「…？」	`＊Ｂ@...?	`＊Ｂ@「…？」
SEEN3422	1709	nonlexical-dialogue	`＊Ｂ@「………」	`＊Ｂ@...	`＊Ｂ@「………」
SEEN3422	1994	nonlexical-dialogue	`＊Ｂ@「………」	`＊Ｂ@...	`＊Ｂ@「………」
SEEN3422	2112	nonlexical-dialogue	`＊Ｂ@「………」	`＊Ｂ@...	`＊Ｂ@「………」
SEEN3422	2130	nonlexical-dialogue	`＊Ｂ@「………」	`＊Ｂ@...	`＊Ｂ@「………」
SEEN3422	2186	nonlexical-dialogue	`＊Ｂ@「………」	`＊Ｂ@...	`＊Ｂ@「………」
SEEN3422	2276	nonlexical-dialogue	`＊Ｂ@「………」	`＊Ｂ@...	`＊Ｂ@「………」
SEEN3422	2348	nonlexical-dialogue	`＊Ｂ@「………」	`＊Ｂ@...	`＊Ｂ@「………」
SEEN3422	2476	nonlexical-dialogue	`＊Ｂ@「………」	`＊Ｂ@...	`＊Ｂ@「………」
SEEN3422	2626	nonlexical-dialogue	`＊Ｂ@「………」	`＊Ｂ@...	`＊Ｂ@「………」
SEEN3423	336	nonlexical-dialogue	`＊Ｂ@「………」	`＊Ｂ@...	`＊Ｂ@「………」
SEEN3423	354	nonlexical-dialogue	`＊Ｂ@「………」	`＊Ｂ@...	`＊Ｂ@「………」
SEEN3423	366	nonlexical-dialogue	`＊Ｂ@「………」	`＊Ｂ@...	`＊Ｂ@「………」
SEEN3423	616	nonlexical-dialogue	`＊Ｂ@「………」	`＊Ｂ@...	`＊Ｂ@「………」
SEEN3423	640	nonlexical-dialogue	`＊Ｂ@「………」	`＊Ｂ@...	`＊Ｂ@「………」
SEEN3423	1033	nonlexical-dialogue	`＊Ｂ@「………」	`＊Ｂ@...	`＊Ｂ@「………」
SEEN3423	1290	nonlexical-dialogue	`＊Ｂ@「………」	`＊Ｂ@...	`＊Ｂ@「………」
SEEN3423	1375	nonlexical-dialogue	`＊Ｂ@「？」	`＊Ｂ@?	`＊Ｂ@「？」
SEEN3423	1405	nonlexical-dialogue	`＊Ｂ@「………？」	`＊Ｂ@...?	`＊Ｂ@「………？」
SEEN3423	1595	nonlexical-dialogue	`＊Ｂ@「………」	`＊Ｂ@...	`＊Ｂ@「………」
SEEN3423	1685	nonlexical-dialogue	`＊Ｂ@「………」	`＊Ｂ@...	`＊Ｂ@「………」
SEEN3423	1729	nonlexical-dialogue	`＊Ｂ@「………」	`＊Ｂ@...	`＊Ｂ@「………」
SEEN3424	22	nonlexical-dialogue	`＊Ｂ@「………」	`＊Ｂ@...	`＊Ｂ@「………」
SEEN3424	34	nonlexical-dialogue	`＊Ｂ@「………」	`＊Ｂ@...	`＊Ｂ@「………」
SEEN3424	950	nonlexical-dialogue	`＊Ｂ@「………」	`＊Ｂ@...	`＊Ｂ@「………」
SEEN3424	972	nonlexical-dialogue	`＊Ｂ@「………」	`＊Ｂ@...	`＊Ｂ@「………」
SEEN3424	1030	nonlexical-dialogue	`＊Ｂ@「………」	`＊Ｂ@...	`＊Ｂ@「………」
SEEN3424	1237	nonlexical-dialogue	`＊Ｂ@「………」	`＊Ｂ@...	`＊Ｂ@「………」
SEEN3424	1251	nonlexical-dialogue	`＊Ｂ@「………」	`＊Ｂ@...	`＊Ｂ@「………」
SEEN3424	1369	nonlexical-dialogue	`＊Ｂ@「…？」	`＊Ｂ@...?	`＊Ｂ@「…？」
SEEN3424	1409	nonlexical-dialogue	`＊Ｂ@「…??」	`＊Ｂ@...?	`＊Ｂ@「…??」
SEEN3424	1449	nonlexical-dialogue	`＊Ｂ@「………」	`＊Ｂ@...	`＊Ｂ@「………」
SEEN3424	1693	nonlexical-dialogue	`＊Ｂ@「………」	`＊Ｂ@...	`＊Ｂ@「………」
SEEN3424	2023	nonlexical-dialogue	`＊Ｂ@「………」	`＊Ｂ@...	`＊Ｂ@「………」
SEEN3424	2085	nonlexical-dialogue	`＊Ｂ@「………」	`＊Ｂ@...	`＊Ｂ@「………」
SEEN3424	2123	nonlexical-dialogue	`＊Ｂ@「………」	`＊Ｂ@...	`＊Ｂ@「………」
SEEN3424	2595	nonlexical-dialogue	`＊Ｂ@「………」	`＊Ｂ@...	`＊Ｂ@「………」
SEEN3424	2619	nonlexical-dialogue	`＊Ｂ@「……」	`＊Ｂ@...	`＊Ｂ@「……」
SEEN3424	2629	nonlexical-dialogue	`＊Ｂ@「…」	`＊Ｂ@...	`＊Ｂ@「…」
SEEN3424	3076	nonlexical-dialogue	`＊Ｂ@「…！」	`＊Ｂ@...!	`＊Ｂ@「…！」
SEEN3424	3109	nonlexical-dialogue	`＊Ｂ@「………」	`＊Ｂ@...	`＊Ｂ@「………」
SEEN3424	3345	nonlexical-dialogue	`＊Ｂ@「………」	`＊Ｂ@...	`＊Ｂ@「………」
SEEN3425	48	nonlexical-dialogue	`＊Ｂ@「………」	`＊Ｂ@...	`＊Ｂ@「………」
SEEN3425	62	nonlexical-dialogue	`＊Ｂ@「………」	`＊Ｂ@...	`＊Ｂ@「………」
SEEN3425	517	nonlexical-dialogue	`＊Ｂ@$S040（………）	`＊Ｂ@$S040(...)	`＊Ｂ@$S040（………）
SEEN3425	569	nonlexical-dialogue	`＊Ｂ@$S040（………）	`＊Ｂ@$S040(...)	`＊Ｂ@$S040（………）
SEEN3425	1109	nonlexical-dialogue	`＊Ｂ@「………」	`＊Ｂ@...	`＊Ｂ@「………」
SEEN3425	1123	nonlexical-dialogue	`＊Ｂ@「………」	`＊Ｂ@...	`＊Ｂ@「………」
SEEN3425	1295	nonlexical-dialogue	`＊Ｂ@「………」	`＊Ｂ@...	`＊Ｂ@「………」
SEEN3425	1602	nonlexical-dialogue	`＊Ｂ@「………」	`＊Ｂ@...	`＊Ｂ@「………」
SEEN3425	2313	nonlexical-dialogue	`＊Ｂ@「………？」	`＊Ｂ@...?	`＊Ｂ@「………？」
SEEN3425	3598	nonlexical-dialogue	`＊Ｂ@「………」	`＊Ｂ@...	`＊Ｂ@「………」
SEEN3425	3660	nonlexical-dialogue	`＊Ｂ@「………」	`＊Ｂ@...	`＊Ｂ@「………」
SEEN3425	4193	nonlexical-dialogue	`＊Ｂ@「？」	`＊Ｂ@?	`＊Ｂ@「？」
SEEN3425	4229	nonlexical-dialogue	`＊Ｂ@「………」	`＊Ｂ@...	`＊Ｂ@「………」
SEEN3426	69	nonlexical-dialogue	`＊Ｂ@「!!?」	`＊Ｂ@?!	`＊Ｂ@「!!?」
SEEN3426	185	nonlexical-dialogue	`＊Ｂ@「…!?」	`＊Ｂ@...?!	`＊Ｂ@「…!?」
SEEN3426	295	nonlexical-dialogue	`＊Ｂ@「………」	`＊Ｂ@...	`＊Ｂ@「………」
SEEN3426	818	nonlexical-dialogue	`＊Ｂ@「…？」	`＊Ｂ@...?	`＊Ｂ@「…？」
SEEN3426	984	nonlexical-dialogue	`＊Ｂ@「………」	`＊Ｂ@...	`＊Ｂ@「………」
SEEN3426	1486	nonlexical-dialogue	`＊Ｂ@「………」	`＊Ｂ@...	`＊Ｂ@「………」
SEEN3426	2128	nonlexical-dialogue	`＊Ｂ@「………」	`＊Ｂ@...	`＊Ｂ@「………」
SEEN3426	2150	nonlexical-dialogue	`＊Ｂ@「………」	`＊Ｂ@...	`＊Ｂ@「………」
SEEN3426	2483	nonlexical-dialogue	`＊Ｂ@「………」	`＊Ｂ@...	`＊Ｂ@「………」
SEEN3426	2527	nonlexical-dialogue	`＊Ｂ@「………」	`＊Ｂ@...	`＊Ｂ@「………」
SEEN3426	2531	nonlexical-dialogue	`＊Ｂ@「……」	`＊Ｂ@...	`＊Ｂ@「……」
SEEN3426	2535	nonlexical-dialogue	`＊Ｂ@「…」	`＊Ｂ@...	`＊Ｂ@「…」
SEEN3426	2557	nonlexical-dialogue	`＊Ｂ@「………」	`＊Ｂ@...	`＊Ｂ@「………」
SEEN3426	2575	nonlexical-dialogue	`＊Ｂ@「………」	`＊Ｂ@...	`＊Ｂ@「………」
SEEN3426	2721	nonlexical-dialogue	`＊Ｂ@「………」	`＊Ｂ@...	`＊Ｂ@「………」
SEEN3426	2925	nonlexical-dialogue	`＊Ｂ@「…?!」	`＊Ｂ@...?!	`＊Ｂ@「…?!」
SEEN3426	3169	nonlexical-dialogue	`＊Ｂ@「………」	`＊Ｂ@...	`＊Ｂ@「………」
SEEN3426	3756	nonlexical-dialogue	`＊Ｂ@「………」	`＊Ｂ@...	`＊Ｂ@「………」
SEEN3428	51	nonlexical-dialogue	`＊Ｂ@「…？」	`＊Ｂ@...?	`＊Ｂ@「…？」
SEEN3428	59	nonlexical-dialogue	`＊Ｂ@「………」	`＊Ｂ@...	`＊Ｂ@「………」
SEEN3428	115	nonlexical-dialogue	`＊Ｂ@「………」	`＊Ｂ@...	`＊Ｂ@「………」
SEEN3428	158	nonlexical-dialogue	`＊Ｂ@「………」	`＊Ｂ@...	`＊Ｂ@「………」
SEEN3428	312	nonlexical-dialogue	`＊Ｂ@「………」	`＊Ｂ@.........	`＊Ｂ@「………」
SEEN3428	314	nonlexical-dialogue	`＊Ｂ@「……」	`＊Ｂ@......	`＊Ｂ@「……」
SEEN3428	316	nonlexical-dialogue	`＊Ｂ@「…」	`＊Ｂ@...	`＊Ｂ@「…」
SEEN3428	1161	nonlexical-dialogue	`＊Ｂ@「………」	`＊Ｂ@...	`＊Ｂ@「………」
SEEN3428	2176	nonlexical-dialogue	`＊Ｂ@「………」	`＊Ｂ@...	`＊Ｂ@「………」
SEEN3428	2421	nonlexical-dialogue	`＊Ｂ@「…？」	`＊Ｂ@...?	`＊Ｂ@「…？」
SEEN3428	2523	nonlexical-dialogue	`＊Ｂ@「………」	`＊Ｂ@...	`＊Ｂ@「………」
SEEN3428	2559	nonlexical-dialogue	`＊Ｂ@「………」	`＊Ｂ@...	`＊Ｂ@「………」
SEEN3429	168	nonlexical-dialogue	`＊Ｂ@「…??」	`＊Ｂ@...??	`＊Ｂ@「…??」
SEEN3429	1115	nonlexical-dialogue	`＊Ｂ@（………）	`＊Ｂ@(...)	`＊Ｂ@（………）
SEEN3429	1350	nonlexical-dialogue	`＊Ｂ@「………」	`＊Ｂ@...	`＊Ｂ@「………」
SEEN3429	1538	nonlexical-dialogue	`＊Ｂ@「………」	`＊Ｂ@...	`＊Ｂ@「………」
SEEN3430	385	nonlexical-dialogue	`＊Ｂ@「………」	`＊Ｂ@......	`＊Ｂ@「………」
SEEN3430	803	nonlexical-dialogue	`＊Ｂ@「………」	`＊Ｂ@...	`＊Ｂ@「………」
SEEN3430	1120	nonlexical-dialogue	`＊Ｂ@「………」	`＊Ｂ@...	`＊Ｂ@「………」
SEEN3430	1164	nonlexical-dialogue	`＊Ｂ@「………」	`＊Ｂ@...	`＊Ｂ@「………」
SEEN3501	825	nonlexical-dialogue	`＊Ｂ@「………」	`＊Ｂ@...	`＊Ｂ@「………」
SEEN3501	922	nonlexical-dialogue	`＊Ｂ@「………」	`＊Ｂ@...	`＊Ｂ@「………」
SEEN3501	954	nonlexical-dialogue	`＊Ｂ@「………」	`＊Ｂ@...	`＊Ｂ@「………」
SEEN3501	977	nonlexical-dialogue	`＊Ｂ@「………」	`＊Ｂ@...	`＊Ｂ@「………」
SEEN3501	991	nonlexical-dialogue	`＊Ｂ@「………」	`＊Ｂ@...	`＊Ｂ@「………」
SEEN3501	1129	nonlexical-dialogue	`＊Ｂ@「………」	`＊Ｂ@...	`＊Ｂ@「………」
SEEN3501	1446	nonlexical-dialogue	`＊Ｂ@「………」	`＊Ｂ@...	`＊Ｂ@「………」
SEEN3501	1661	nonlexical-dialogue	`＊Ｂ@「………」	`＊Ｂ@...	`＊Ｂ@「………」
SEEN3502	973	nonlexical-dialogue	`＊Ｂ@「………」	`＊Ｂ@...	`＊Ｂ@「………」
SEEN3502	1297	nonlexical-dialogue	`＊Ｂ@「………」	`＊Ｂ@...	`＊Ｂ@「………」
SEEN3502	1393	nonlexical-dialogue	`＊Ｂ@「………」	`＊Ｂ@...	`＊Ｂ@「………」
SEEN3502	1551	nonlexical-dialogue	`＊Ｂ@「…？」	`＊Ｂ@...?	`＊Ｂ@「…？」
SEEN3502	1863	nonlexical-dialogue	`＊Ｂ@「……？」	`＊Ｂ@...?	`＊Ｂ@「……？」
SEEN3502	1871	nonlexical-dialogue	`＊Ｂ@「………」	`＊Ｂ@...	`＊Ｂ@「………」
SEEN3502	2144	nonlexical-dialogue	`＊Ｂ@「………」	`＊Ｂ@...	`＊Ｂ@「………」
SEEN3502	3551	nonlexical-dialogue	`＊Ｂ@「………」	`＊Ｂ@...	`＊Ｂ@「………」
SEEN3503	343	nonlexical-dialogue	`＊Ｂ@「…？」	`＊Ｂ@...?	`＊Ｂ@「…？」
SEEN3503	367	nonlexical-dialogue	`＊Ｂ@「………」	`＊Ｂ@...	`＊Ｂ@「………」
SEEN3503	387	nonlexical-dialogue	`＊Ｂ@「…？」	`＊Ｂ@...?	`＊Ｂ@「…？」
SEEN3503	1113	nonlexical-dialogue	`＊Ｂ@「………」	`＊Ｂ@...	`＊Ｂ@「………」
SEEN3503	1881	nonlexical-dialogue	`＊Ｂ@「…？」	`＊Ｂ@...?	`＊Ｂ@「…？」
SEEN3503	1959	nonlexical-dialogue	`＊Ｂ@「………」	`＊Ｂ@...	`＊Ｂ@「………」
SEEN3503	2886	nonlexical-dialogue	`＊Ｂ@「………」	`＊Ｂ@...	`＊Ｂ@「………」
SEEN3503	3020	nonlexical-dialogue	`＊Ｂ@「………」	`＊Ｂ@...	`＊Ｂ@「………」
SEEN3503	3061	nonlexical-dialogue	`＊Ｂ@「…！」	`＊Ｂ@...!	`＊Ｂ@「…！」
SEEN3503	3100	nonlexical-dialogue	`＊Ｂ@「?!」	`＊Ｂ@?!	`＊Ｂ@「?!」
SEEN3503	3525	nonlexical-dialogue	`＊Ｂ@「…？…」	`＊Ｂ@...?	`＊Ｂ@「…？…」
SEEN3504	95	nonlexical-dialogue	`＊Ｂ@「………」	`＊Ｂ@...	`＊Ｂ@「………」
SEEN3505	1000	nonlexical-dialogue	`＊Ｂ@「………」	`＊Ｂ@...	`＊Ｂ@「………」
SEEN3505	1367	nonlexical-dialogue	`椋@「？」	`Ryou@?	`椋@「？」
SEEN3505	1399	nonlexical-dialogue	`＊Ｂ@「…？」	`＊Ｂ@...?	`＊Ｂ@「…？」
SEEN3505	2037	nonlexical-dialogue	`＊Ｂ@「………」	`＊Ｂ@...	`＊Ｂ@「………」
SEEN3505	2321	nonlexical-dialogue	`＊Ｂ@「………」	`＊Ｂ@...	`＊Ｂ@「………」
SEEN3505	2511	nonlexical-dialogue	`＊Ｂ@「…？」	`＊Ｂ@...?	`＊Ｂ@「…？」
SEEN3506	49	nonlexical-dialogue	`＊Ｂ@「…？」	`＊Ｂ@...?	`＊Ｂ@「…？」
SEEN3506	129	nonlexical-dialogue	`＊Ｂ@「……？」	`＊Ｂ@...?	`＊Ｂ@「……？」
SEEN3506	238	nonlexical-dialogue	`＊Ｂ@「…？」	`＊Ｂ@...?	`＊Ｂ@「…？」
SEEN3506	822	nonlexical-dialogue	`＊Ｂ@「………」	`＊Ｂ@...	`＊Ｂ@「………」
SEEN3506	881	nonlexical-dialogue	`＊Ｂ@「………」	`＊Ｂ@...	`＊Ｂ@「………」
SEEN3506	924	nonlexical-dialogue	`＊Ｂ@「………」	`＊Ｂ@...	`＊Ｂ@「………」
SEEN3506	928	nonlexical-dialogue	`＊Ｂ@「………」	`＊Ｂ@...	`＊Ｂ@「………」
SEEN3506	1024	nonlexical-dialogue	`＊Ｂ@「………」	`＊Ｂ@...	`＊Ｂ@「………」
SEEN3506	1212	nonlexical-dialogue	`＊Ｂ@「………」	`＊Ｂ@...	`＊Ｂ@「………」
SEEN3506	1305	nonlexical-dialogue	`＊Ｂ@「………」	`＊Ｂ@...	`＊Ｂ@「………」
SEEN3506	1480	nonlexical-dialogue	`＊Ｂ@「………」	`＊Ｂ@...	`＊Ｂ@「………」
SEEN3506	1525	nonlexical-dialogue	`＊Ｂ@「………」	`＊Ｂ@...	`＊Ｂ@「………」
SEEN3506	1579	nonlexical-dialogue	`＊Ｂ@「…！」	`＊Ｂ@...!	`＊Ｂ@「…！」
SEEN3506	1682	nonlexical-dialogue	`＊Ｂ@「…？」	`＊Ｂ@...?	`＊Ｂ@「…？」
SEEN3506	1896	nonlexical-dialogue	`＊Ｂ@「…？」	`＊Ｂ@...?	`＊Ｂ@「…？」
SEEN3506	1904	nonlexical-dialogue	`＊Ｂ@「………」	`＊Ｂ@...	`＊Ｂ@「………」
SEEN3506	1914	nonlexical-dialogue	`＊Ｂ@「………」	`＊Ｂ@...	`＊Ｂ@「………」
SEEN3506	2102	nonlexical-dialogue	`＊Ｂ@「………」	`＊Ｂ@...	`＊Ｂ@「………」
SEEN3506	2553	nonlexical-dialogue	`＊Ｂ@「…？」	`＊Ｂ@...?	`＊Ｂ@「…？」
SEEN3506	2611	nonlexical-dialogue	`＊Ｂ@「………」	`＊Ｂ@...	`＊Ｂ@「………」
SEEN3506	2781	nonlexical-dialogue	`＊Ｂ@「………」	`＊Ｂ@...	`＊Ｂ@「………」
SEEN3507	340	nonlexical-dialogue	`＊Ｂ@「………」	`＊Ｂ@...	`＊Ｂ@「………」
SEEN3507	444	nonlexical-dialogue	`＊Ｂ@「………」	`＊Ｂ@...	`＊Ｂ@「………」
SEEN3507	777	nonlexical-dialogue	`＊Ｂ@「………」	`＊Ｂ@...	`＊Ｂ@「………」
SEEN3507	940	nonlexical-dialogue	`＊Ｂ@「………」	`＊Ｂ@...	`＊Ｂ@「………」
SEEN3507	1191	nonlexical-dialogue	`＊Ｂ@「…？」	`＊Ｂ@...?	`＊Ｂ@「…？」
SEEN3507	1283	nonlexical-dialogue	`＊Ｂ@「…!?」	`＊Ｂ@...?!	`＊Ｂ@「…!?」
SEEN3507	1481	nonlexical-dialogue	`＊Ｂ@「…？」	`＊Ｂ@...?	`＊Ｂ@「…？」
SEEN3507	1717	nonlexical-dialogue	`＊Ｂ@「………」	`＊Ｂ@...	`＊Ｂ@「………」
SEEN3507	1793	nonlexical-dialogue	`＊Ｂ@「………」	`＊Ｂ@...	`＊Ｂ@「………」
SEEN3507	1875	nonlexical-dialogue	`＊Ｂ@「………」	`＊Ｂ@...	`＊Ｂ@「………」
SEEN3507	1929	nonlexical-dialogue	`＊Ｂ@「………」	`＊Ｂ@...	`＊Ｂ@「………」
SEEN3507	2095	nonlexical-dialogue	`＊Ｂ@「………」	`＊Ｂ@...	`＊Ｂ@「………」
SEEN3507	2113	nonlexical-dialogue	`＊Ｂ@「………」	`＊Ｂ@...	`＊Ｂ@「………」
SEEN3508	146	nonlexical-dialogue	`＊Ｂ@「？」	`＊Ｂ@?	`＊Ｂ@「？」
SEEN3508	586	nonlexical-dialogue	`＊Ｂ@「…？」	`＊Ｂ@...?	`＊Ｂ@「…？」
SEEN3508	791	nonlexical-dialogue	`＊Ｂ@「…――！」	`＊Ｂ@――!	`＊Ｂ@「…――！」
SEEN3508	946	nonlexical-dialogue	`＊Ｂ@「………」	`＊Ｂ@...	`＊Ｂ@「………」
SEEN3508	1234	nonlexical-dialogue	`＊Ｂ@「………」	`＊Ｂ@...	`＊Ｂ@「………」
SEEN3508	1340	nonlexical-dialogue	`＊Ｂ@「………」	`＊Ｂ@...	`＊Ｂ@「………」
SEEN3509	102	nonlexical-dialogue	`＊Ｂ@「………」	`＊Ｂ@...	`＊Ｂ@「………」
SEEN3509	166	nonlexical-dialogue	`＊Ｂ@「………」	`＊Ｂ@...	`＊Ｂ@「………」
SEEN3509	227	nonlexical-dialogue	`＊Ｂ@「………」	`＊Ｂ@...	`＊Ｂ@「………」
SEEN3509	233	nonlexical-dialogue	`＊Ｂ@「………」	`＊Ｂ@...	`＊Ｂ@「………」
SEEN3509	840	nonlexical-dialogue	`＊Ｂ@「………」	`＊Ｂ@...	`＊Ｂ@「………」
SEEN3509	933	nonlexical-dialogue	`＊Ｂ@「………」	`＊Ｂ@...	`＊Ｂ@「………」
SEEN3509	1041	nonlexical-dialogue	`＊Ｂ@「………」	`＊Ｂ@...	`＊Ｂ@「………」
SEEN3509	1249	nonlexical-dialogue	`＊Ｂ@「………」	`＊Ｂ@...	`＊Ｂ@「………」
SEEN3509	1512	nonlexical-dialogue	`＊Ｂ@「………」	`＊Ｂ@...	`＊Ｂ@「………」
SEEN3509	1550	nonlexical-dialogue	`＊Ｂ@「………」	`＊Ｂ@...	`＊Ｂ@「………」
SEEN3510	105	nonlexical-dialogue	`＊Ｂ@「？」	`＊Ｂ@?	`＊Ｂ@「？」
SEEN3510	352	nonlexical-dialogue	`＊Ｂ@「………」	`＊Ｂ@...	`＊Ｂ@「………」
SEEN3510	390	nonlexical-dialogue	`＊Ｂ@「………」	`＊Ｂ@...	`＊Ｂ@「………」
SEEN3510	412	nonlexical-dialogue	`＊Ｂ@「………」	`＊Ｂ@...	`＊Ｂ@「………」
SEEN3510	766	nonlexical-dialogue	`＊Ｂ@「………」	`＊Ｂ@...	`＊Ｂ@「………」
SEEN3510	1399	nonlexical-dialogue	`＊Ｂ@「………」	`＊Ｂ@...	`＊Ｂ@「………」
SEEN3510	1669	nonlexical-dialogue	`＊Ｂ@「～～～…」	`＊Ｂ@~~~...	`＊Ｂ@「～～～…」
SEEN3510	1697	nonlexical-dialogue	`＊Ｂ@「………」	`＊Ｂ@...	`＊Ｂ@「………」
SEEN3510	2077	nonlexical-dialogue	`＊Ｂ@「～～…」	`＊Ｂ@~~...	`＊Ｂ@「～～…」
SEEN3510	2099	nonlexical-dialogue	`＊Ｂ@「…？」	`＊Ｂ@...?	`＊Ｂ@「…？」
SEEN3510	2123	nonlexical-dialogue	`＊Ｂ@「??」	`＊Ｂ@??	`＊Ｂ@「??」
SEEN3510	2209	nonlexical-dialogue	`＊Ｂ@「………」	`＊Ｂ@...	`＊Ｂ@「………」
SEEN3510	2259	nonlexical-dialogue	`＊Ｂ@「………」	`＊Ｂ@...	`＊Ｂ@「………」
SEEN3511	47	nonlexical-dialogue	`＊Ｂ@「………」	`＊Ｂ@...	`＊Ｂ@「………」
SEEN3511	51	nonlexical-dialogue	`＊Ｂ@「………」	`＊Ｂ@...	`＊Ｂ@「………」
SEEN3511	55	nonlexical-dialogue	`＊Ｂ@「………」	`＊Ｂ@...	`＊Ｂ@「………」
SEEN3511	424	nonlexical-dialogue	`＊Ｂ@「………」	`＊Ｂ@...	`＊Ｂ@「………」
SEEN3511	482	nonlexical-dialogue	`＊Ｂ@「………」	`＊Ｂ@...	`＊Ｂ@「………」
SEEN3511	672	nonlexical-dialogue	`＊Ｂ@「………」	`＊Ｂ@...	`＊Ｂ@「………」
SEEN3511	734	nonlexical-dialogue	`＊Ｂ@「………」	`＊Ｂ@...	`＊Ｂ@「………」
SEEN3511	1231	nonlexical-dialogue	`＊Ｂ@「…？」	`＊Ｂ@...?	`＊Ｂ@「…？」
SEEN3511	1456	nonlexical-dialogue	`＊Ｂ@「…？」	`＊Ｂ@...?	`＊Ｂ@「…？」
SEEN3511	1459	nonlexical-dialogue	`＊Ｂ@「…――!!!?」	`＊Ｂ@―?!?!	`＊Ｂ@「…――!!!?」
SEEN3511	1553	nonlexical-dialogue	`＊Ｂ@「………」	`＊Ｂ@...	`＊Ｂ@「………」
SEEN3512	220	nonlexical-dialogue	`椋@「………」	`Ryou@...	`椋@「………」
SEEN3512	759	nonlexical-dialogue	`＊Ｂ@「………」	`＊Ｂ@...	`＊Ｂ@「………」
SEEN3512	1074	nonlexical-dialogue	`＊Ｂ@「………」	`＊Ｂ@...	`＊Ｂ@「………」
SEEN3512	1152	nonlexical-dialogue	`＊Ｂ@「…？」	`＊Ｂ@...?	`＊Ｂ@「…？」
SEEN3513	139	nonlexical-dialogue	`＊Ｂ@「………」	`＊Ｂ@...	`＊Ｂ@「………」
SEEN3513	340	nonlexical-dialogue	`＊Ｂ@「………」	`＊Ｂ@...	`＊Ｂ@「………」
SEEN3513	372	nonlexical-dialogue	`＊Ｂ@「………」	`＊Ｂ@...	`＊Ｂ@「………」
SEEN3513	821	nonlexical-dialogue	`＊Ｂ@「…？」	`＊Ｂ@...?	`＊Ｂ@「…？」
SEEN3513	883	nonlexical-dialogue	`＊Ｂ@「………」	`＊Ｂ@...	`＊Ｂ@「………」
SEEN3513	957	nonlexical-dialogue	`＊Ｂ@「………」	`＊Ｂ@...	`＊Ｂ@「………」
SEEN3513	999	nonlexical-dialogue	`＊Ｂ@「…？」	`＊Ｂ@...?	`＊Ｂ@「…？」
SEEN3513	1607	nonlexical-dialogue	`＊Ｂ@「………？」	`＊Ｂ@...?	`＊Ｂ@「………？」
SEEN3513	1948	nonlexical-dialogue	`＊Ｂ@「………」	`＊Ｂ@...	`＊Ｂ@「………」
SEEN3513	1978	nonlexical-dialogue	`＊Ｂ@「………」	`＊Ｂ@...	`＊Ｂ@「………」
SEEN3513	1992	nonlexical-dialogue	`＊Ｂ@「………」	`＊Ｂ@...	`＊Ｂ@「………」
SEEN3513	2043	nonlexical-dialogue	`＊Ｂ@「………」	`＊Ｂ@...	`＊Ｂ@「………」
SEEN3513	2267	nonlexical-dialogue	`＊Ｂ@「………」	`＊Ｂ@...	`＊Ｂ@「………」
SEEN3513	2314	nonlexical-dialogue	`＊Ｂ@「………」	`＊Ｂ@...	`＊Ｂ@「………」
SEEN3513	2353	nonlexical-dialogue	`＊Ｂ@「…………」	`＊Ｂ@...	`＊Ｂ@「…………」
SEEN3513	2407	nonlexical-dialogue	`＊Ｂ@「………」	`＊Ｂ@...	`＊Ｂ@「………」
SEEN3513	2673	nonlexical-dialogue	`＊Ｂ@「………」	`＊Ｂ@...	`＊Ｂ@「………」
SEEN3513	3012	nonlexical-dialogue	`＊Ｂ@「………」	`＊Ｂ@...	`＊Ｂ@「………」
SEEN3513	3162	nonlexical-dialogue	`＊Ｂ@「………」	`＊Ｂ@...	`＊Ｂ@「………」
SEEN3514	76	nonlexical-dialogue	`＊Ｂ@「――?!」	`＊Ｂ@―?!	`＊Ｂ@「――?!」
SEEN3514	160	nonlexical-dialogue	`＊Ｂ@「…??」	`＊Ｂ@...??	`＊Ｂ@「…??」
SEEN3514	170	nonlexical-dialogue	`＊Ｂ@「………」	`＊Ｂ@...	`＊Ｂ@「………」
SEEN3514	190	nonlexical-dialogue	`＊Ｂ@「………」	`＊Ｂ@...	`＊Ｂ@「………」
SEEN3514	198	nonlexical-dialogue	`＊Ｂ@「～～～…」	`＊Ｂ@~~~...	`＊Ｂ@「～～～…」
SEEN3514	283	nonlexical-dialogue	`＊Ｂ@「………」	`＊Ｂ@...	`＊Ｂ@「………」
SEEN3514	711	nonlexical-dialogue	`＊Ｂ@「………」	`＊Ｂ@...	`＊Ｂ@「………」
SEEN3514	889	nonlexical-dialogue	`＊Ｂ@「………」	`＊Ｂ@...	`＊Ｂ@「………」
SEEN3514	1017	nonlexical-dialogue	`＊Ｂ@「………」	`＊Ｂ@...	`＊Ｂ@「………」
SEEN3514	1327	nonlexical-dialogue	`＊Ｂ@「………」	`＊Ｂ@...	`＊Ｂ@「………」
SEEN3514	1457	nonlexical-dialogue	`＊Ｂ@「………」	`＊Ｂ@...	`＊Ｂ@「………」
SEEN3514	1625	nonlexical-dialogue	`＊Ｂ@「………」	`＊Ｂ@...	`＊Ｂ@「………」
SEEN3514	2320	nonlexical-dialogue	`＊Ｂ@「………」	`＊Ｂ@...	`＊Ｂ@「………」
SEEN3514	2380	nonlexical-dialogue	`＊Ｂ@「………」	`＊Ｂ@...	`＊Ｂ@「………」
SEEN3514	2497	nonlexical-dialogue	`＊Ｂ@「………」	`＊Ｂ@...	`＊Ｂ@「………」
SEEN3514	2599	nonlexical-dialogue	`＊Ｂ@「………」	`＊Ｂ@...	`＊Ｂ@「………」
SEEN3514	2688	nonlexical-dialogue	`＊Ｂ@「………」	`＊Ｂ@...	`＊Ｂ@「………」
SEEN3514	2744	nonlexical-dialogue	`＊Ｂ@「………」	`＊Ｂ@...	`＊Ｂ@「………」
SEEN3514	2752	nonlexical-dialogue	`＊Ｂ@「………」	`＊Ｂ@...	`＊Ｂ@「………」
SEEN3514	2762	nonlexical-dialogue	`＊Ｂ@「………」	`＊Ｂ@...	`＊Ｂ@「………」
SEEN3514	2901	nonlexical-dialogue	`＊Ｂ@「………」	`＊Ｂ@...	`＊Ｂ@「………」
SEEN3514	2955	nonlexical-dialogue	`＊Ｂ@「…？」	`＊Ｂ@...?	`＊Ｂ@「…？」
SEEN3514	2973	nonlexical-dialogue	`＊Ｂ@「………」	`＊Ｂ@...	`＊Ｂ@「………」
SEEN3514	3067	nonlexical-dialogue	`＊Ｂ@「………」	`＊Ｂ@...	`＊Ｂ@「………」
SEEN3514	3109	nonlexical-dialogue	`＊Ｂ@「………」	`＊Ｂ@...	`＊Ｂ@「………」
SEEN3514	3449	nonlexical-dialogue	`＊Ｂ@「………」	`＊Ｂ@...	`＊Ｂ@「………」
SEEN3514	3467	nonlexical-dialogue	`＊Ｂ@「?!」	`＊Ｂ@?!	`＊Ｂ@「?!」
SEEN3514	3509	nonlexical-dialogue	`＊Ｂ@「………」	`＊Ｂ@...	`＊Ｂ@「………」
SEEN3514	3648	nonlexical-dialogue	`＊Ｂ@「………」	`＊Ｂ@...	`＊Ｂ@「………」
SEEN3514	3670	nonlexical-dialogue	`＊Ｂ@「………」	`＊Ｂ@...	`＊Ｂ@「………」
SEEN3514	4009	nonlexical-dialogue	`＊Ｂ@「………」	`＊Ｂ@...	`＊Ｂ@「………」
SEEN3514	4076	nonlexical-dialogue	`＊Ｂ@「………」	`＊Ｂ@...	`＊Ｂ@「………」
SEEN3514	4533	nonlexical-dialogue	`＊Ｂ@「………」	`＊Ｂ@...	`＊Ｂ@「………」
SEEN3514	4651	nonlexical-dialogue	`＊Ｂ@「………」	`＊Ｂ@...	`＊Ｂ@「………」
SEEN3514	4689	nonlexical-dialogue	`＊Ｂ@「………」	`＊Ｂ@...	`＊Ｂ@「………」
SEEN3514	4908	nonlexical-dialogue	`＊Ｂ@「………」	`＊Ｂ@...	`＊Ｂ@「………」
SEEN3514	4971	nonlexical-dialogue	`＊Ｂ@「………」	`＊Ｂ@...	`＊Ｂ@「………」
SEEN3514	4993	nonlexical-dialogue	`＊Ｂ@「………」	`＊Ｂ@...	`＊Ｂ@「………」
SEEN3514	5073	nonlexical-dialogue	`＊Ｂ@「………」	`＊Ｂ@...	`＊Ｂ@「………」
SEEN3514	5079	nonlexical-dialogue	`＊Ｂ@「………」	`＊Ｂ@...	`＊Ｂ@「………」
SEEN3514	5099	nonlexical-dialogue	`＊Ｂ@「………」	`＊Ｂ@...	`＊Ｂ@「………」
SEEN3514	5295	nonlexical-dialogue	`＊Ｂ@「………」	`＊Ｂ@...	`＊Ｂ@「………」
SEEN3514	5403	nonlexical-dialogue	`＊Ｂ@「………」	`＊Ｂ@...	`＊Ｂ@「………」
SEEN3514	5475	nonlexical-dialogue	`＊Ｂ@「………」	`＊Ｂ@...	`＊Ｂ@「………」
SEEN3514	5569	nonlexical-dialogue	`＊Ｂ@「………」	`＊Ｂ@...	`＊Ｂ@「………」
SEEN3514	5683	nonlexical-dialogue	`＊Ｂ@「…？」	`＊Ｂ@...?	`＊Ｂ@「…？」
SEEN3514	5701	nonlexical-dialogue	`＊Ｂ@「………」	`＊Ｂ@...	`＊Ｂ@「………」
SEEN3514	5994	nonlexical-dialogue	`＊Ｂ@「………」	`＊Ｂ@...	`＊Ｂ@「………」
SEEN3514	6085	nonlexical-dialogue	`＊Ｂ@「………」	`＊Ｂ@...	`＊Ｂ@「………」
SEEN3514	6710	nonlexical-dialogue	`＊Ｂ@「………」	`＊Ｂ@...	`＊Ｂ@「………」
SEEN3514	6714	nonlexical-dialogue	`＊Ｂ@「………」	`＊Ｂ@...	`＊Ｂ@「………」
SEEN3514	6744	nonlexical-dialogue	`＊Ｂ@「………」	`＊Ｂ@...	`＊Ｂ@「………」
SEEN3514	6764	nonlexical-dialogue	`＊Ｂ@「………」	`＊Ｂ@...	`＊Ｂ@「………」
SEEN3514	6869	nonlexical-dialogue	`＊Ｂ@「………」	`＊Ｂ@...	`＊Ｂ@「………」
SEEN3514	7606	nonlexical-dialogue	`＊Ｂ@「………」	`＊Ｂ@...	`＊Ｂ@「………」
SEEN3514	7669	nonlexical-dialogue	`＊Ｂ@「………」	`＊Ｂ@...	`＊Ｂ@「………」
SEEN3514	7671	nonlexical-dialogue	`＊Ｂ@「…!!?」	`＊Ｂ@...!!?	`＊Ｂ@「…!!?」
SEEN3514	7779	nonlexical-dialogue	`＊Ｂ@「………」	`＊Ｂ@...	`＊Ｂ@「………」
SEEN3514	7965	nonlexical-dialogue	`＊Ｂ@「………」	`＊Ｂ@...	`＊Ｂ@「………」
SEEN3514	8496	nonlexical-dialogue	`＊Ｂ@「………」	`＊Ｂ@...	`＊Ｂ@「………」
SEEN3514	8510	nonlexical-dialogue	`＊Ｂ@「………」	`＊Ｂ@...	`＊Ｂ@「………」
SEEN3514	9090	nonlexical-dialogue	`＊Ｂ@「………」	`＊Ｂ@...	`＊Ｂ@「………」
SEEN3514	9114	nonlexical-dialogue	`＊Ｂ@「…？」	`＊Ｂ@...?	`＊Ｂ@「…？」
SEEN3514	9305	nonlexical-dialogue	`＊Ｂ@「ＯＫ！」	`＊Ｂ@Sounds good!	`＊Ｂ@「ＯＫ！」
SEEN3514	9483	nonlexical-dialogue	`＊Ｂ@「…？」	`＊Ｂ@...?	`＊Ｂ@「…？」
SEEN4415	334	nonlexical-dialogue	`＊Ｂ@「………」	`＊Ｂ@...	`＊Ｂ@「………」
SEEN4415	364	nonlexical-dialogue	`＊Ｂ@「………」	`＊Ｂ@...	`＊Ｂ@「………」
SEEN4415	391	nonlexical-dialogue	`＊Ｂ@「………」	`＊Ｂ@...	`＊Ｂ@「………」
SEEN4415	604	nonlexical-dialogue	`＊Ｂ@「………」	`＊Ｂ@...	`＊Ｂ@「………」
SEEN4417	1285	nonlexical-dialogue	`＊Ｂ@「………」	`＊Ｂ@...	`＊Ｂ@「………」
SEEN4417	1659	nonlexical-dialogue	`ことみ@「＊Ｂ………	`Kotomi@＊Ｂ......	`琴美@「＊Ｂ………
SEEN4418	120	nonlexical-dialogue	`＊Ｂ@「………」	`＊Ｂ@...	`＊Ｂ@「………」
SEEN4418	134	nonlexical-dialogue	`＊Ｂ@「………」	`＊Ｂ@...	`＊Ｂ@「………」
SEEN4418	140	nonlexical-dialogue	`＊Ｂ@「………」	`＊Ｂ@...	`＊Ｂ@「………」
SEEN4418	200	nonlexical-dialogue	`＊Ｂ@「………」	`＊Ｂ@...	`＊Ｂ@「………」
SEEN4418	219	nonlexical-dialogue	`春原@「…＊Ａ!?	`Sunohara@...＊Ａ?!	`春原@「…＊Ａ!?
SEEN4418	297	nonlexical-dialogue	`＊Ｂ@「………」	`＊Ｂ@...	`＊Ｂ@「………」
SEEN4418	646	nonlexical-dialogue	`＊Ｂ@「………」	`＊Ｂ@...	`＊Ｂ@「………」
SEEN4418	949	nonlexical-dialogue	`＊Ｂ@「………」	`＊Ｂ@...	`＊Ｂ@「………」
SEEN4418	969	nonlexical-dialogue	`＊Ｂ@「………」	`＊Ｂ@...	`＊Ｂ@「………」
SEEN4418	1046	nonlexical-dialogue	`＊Ｂ@「………」	`＊Ｂ@...	`＊Ｂ@「………」
SEEN4418	1296	nonlexical-dialogue	`＊Ｂ@「………」	`＊Ｂ@...	`＊Ｂ@「………」
SEEN4418	1556	nonlexical-dialogue	`＊Ｂ@「………」	`＊Ｂ@...	`＊Ｂ@「………」
SEEN4418	1618	nonlexical-dialogue	`＊Ｂ@「………」	`＊Ｂ@...	`＊Ｂ@「………」
SEEN4418	2200	nonlexical-dialogue	`＊Ｂ@「………」	`＊Ｂ@...	`＊Ｂ@「………」
SEEN4418	2329	nonlexical-dialogue	`＊Ｂ@「…？」	`＊Ｂ@...?	`＊Ｂ@「…？」
SEEN4419	417	nonlexical-dialogue	`＊Ｂ@「………」	`＊Ｂ@...	`＊Ｂ@「………」
SEEN4419	548	nonlexical-dialogue	`＊Ｂ@「………」	`＊Ｂ@...	`＊Ｂ@「………」
SEEN4419	1498	nonlexical-dialogue	`＊Ｂ@「………」	`＊Ｂ@...	`＊Ｂ@「………」
SEEN4420	139	nonlexical-dialogue	`＊Ｂ@「………」	`＊Ｂ@...	`＊Ｂ@「………」
SEEN4420	399	nonlexical-dialogue	`＊Ｂ@「………」	`＊Ｂ@...	`＊Ｂ@「………」
SEEN4420	595	nonlexical-dialogue	`＊Ｂ@「………」	`＊Ｂ@...	`＊Ｂ@「………」
SEEN4420	659	nonlexical-dialogue	`＊Ｂ@「………」	`＊Ｂ@...	`＊Ｂ@「………」
SEEN4420	870	nonlexical-dialogue	`＊Ｂ@「………」	`＊Ｂ@...	`＊Ｂ@「………」
SEEN4420	1293	nonlexical-dialogue	`＊Ｂ@「………」	`＊Ｂ@...	`＊Ｂ@「………」
SEEN4420	1383	nonlexical-dialogue	`＊Ｂ@「………」	`＊Ｂ@...	`＊Ｂ@「………」
SEEN4420	1417	nonlexical-dialogue	`＊Ｂ@「………」	`＊Ｂ@...	`＊Ｂ@「………」
SEEN4420	1547	nonlexical-dialogue	`＊Ｂ@「………」	`＊Ｂ@...	`＊Ｂ@「………」
SEEN4420	1733	nonlexical-dialogue	`＊Ｂ@「………」	`＊Ｂ@...	`＊Ｂ@「………」
SEEN4420	1789	nonlexical-dialogue	`ことみ@「＊Ｂ……	`Kotomi@＊Ｂ......	`琴美@「＊Ｂ……
SEEN4421	135	nonlexical-dialogue	`＊Ｂ@「＊Ａ」	`＊Ｂ@＊Ａ.	`＊Ｂ@「＊Ａ」
SEEN4421	918	nonlexical-dialogue	`＊Ｂ@「………」	`＊Ｂ@...	`＊Ｂ@「………」
SEEN4421	1220	nonlexical-dialogue	`＊Ｂ@「………」	`＊Ｂ@...	`＊Ｂ@「………」
SEEN4421	2303	nonlexical-dialogue	`＊Ｂ@「………」	`＊Ｂ@...	`＊Ｂ@「………」
SEEN4421	2549	nonlexical-dialogue	`＊Ｂ@「………」	`＊Ｂ@...	`＊Ｂ@「………」
SEEN4421	3144	nonlexical-dialogue	`＊Ｂ@「………」	`＊Ｂ@...	`＊Ｂ@「………」
SEEN4422	47	nonlexical-dialogue	`＊Ｂ@「………」	`＊Ｂ@...	`＊Ｂ@「………」
SEEN4422	403	nonlexical-dialogue	`＊Ｂ@「………」	`＊Ｂ@...	`＊Ｂ@「………」
SEEN4422	1020	nonlexical-dialogue	`＊Ｂ@「………」	`＊Ｂ@...	`＊Ｂ@「………」
SEEN4423	675	nonlexical-dialogue	`＊Ｂ@「………」	`＊Ｂ@...	`＊Ｂ@「………」
SEEN4423	745	nonlexical-dialogue	`＊Ｂ@「………」	`＊Ｂ@...	`＊Ｂ@「………」
SEEN4424	248	nonlexical-dialogue	`＊Ｂ@「………」	`＊Ｂ@...	`＊Ｂ@「………」
SEEN4424	253	nonlexical-dialogue	`＊Ｂ@「………」	`＊Ｂ@...	`＊Ｂ@「………」
SEEN4424	932	nonlexical-dialogue	`＊Ｂ@「………」	`＊Ｂ@...	`＊Ｂ@「………」
SEEN4424	976	nonlexical-dialogue	`＊Ｂ@「………」	`＊Ｂ@...	`＊Ｂ@「………」
SEEN4424	984	nonlexical-dialogue	`＊Ｂ@「………」	`＊Ｂ@...	`＊Ｂ@「………」
SEEN4424	1422	nonlexical-dialogue	`＊Ｂ@「………」	`＊Ｂ@...	`＊Ｂ@「………」
SEEN4425	1431	nonlexical-dialogue	`＊Ｂ@「……………」	`＊Ｂ@...	`＊Ｂ@「……………」
SEEN4425	1496	nonlexical-dialogue	`春原@「＊Ａ～。	`Sunohara@＊Ａ! 	`春原@「＊Ａ～。
SEEN4425	1520	nonlexical-dialogue	`＊Ｂ@「……………」	`＊Ｂ@...	`＊Ｂ@「……………」
SEEN4425	1524	nonlexical-dialogue	`＊Ｂ@「……………」	`＊Ｂ@...	`＊Ｂ@「……………」
SEEN4425	2230	nonlexical-dialogue	`ことみ@「～～～!!!	`Kotomi@...!!!	`琴美@「～～～!!!
SEEN4425	2287	nonlexical-dialogue	`＊Ｂ@「………」	`＊Ｂ@...	`＊Ｂ@「………」
SEEN4425	2487	nonlexical-dialogue	`＊Ｂ@「………」	`＊Ｂ@...	`＊Ｂ@「………」
SEEN4425	2615	nonlexical-dialogue	`＊Ｂ@「……………」	`＊Ｂ@...	`＊Ｂ@「……………」
SEEN4425	2816	nonlexical-dialogue	`＊Ｂ@「………」	`＊Ｂ@...	`＊Ｂ@「………」
SEEN4425	3005	nonlexical-dialogue	`＊Ｂ@「…………」	`＊Ｂ@...	`＊Ｂ@「…………」
SEEN4428	120	nonlexical-dialogue	`＊Ｂ@「……………」	`＊Ｂ@...	`＊Ｂ@「……………」
SEEN4428	2797	nonlexical-dialogue	`＊Ｂ@「………」	`＊Ｂ@...	`＊Ｂ@「………」
SEEN4430	153	nonlexical-dialogue	`＊Ｂ@「………」	`＊Ｂ@...	`＊Ｂ@「………」
SEEN4430	257	nonlexical-dialogue	`＊Ｂ@「………………」	`＊Ｂ@...	`＊Ｂ@「………………」
SEEN4430	357	nonlexical-dialogue	`ことみ@「………」	`Kotomi@...	`琴美@「………」
SEEN4430	397	nonlexical-dialogue	`クラスメイトたち@「…………」	`Classmates@...	`同班同学们@「…………」
SEEN4430	1288	nonlexical-dialogue	`＊Ｂ@「………」	`＊Ｂ@...	`＊Ｂ@「………」
SEEN4430	1734	nonlexical-dialogue	`＊Ｂ@「………」	`＊Ｂ@...	`＊Ｂ@「………」
SEEN4430	1990	nonlexical-dialogue	`＊Ｂ@「………」	`＊Ｂ@...	`＊Ｂ@「………」
SEEN4430	2154	nonlexical-dialogue	`＊Ｂ@「???」	`＊Ｂ@???	`＊Ｂ@「???」
SEEN4430	2299	nonlexical-dialogue	`＊Ｂ@「………」	`＊Ｂ@...	`＊Ｂ@「………」
SEEN4430	2455	nonlexical-dialogue	`＊Ｂ@「………」	`＊Ｂ@...	`＊Ｂ@「………」
SEEN4430	2495	nonlexical-dialogue	`＊Ｂ@「………」	`＊Ｂ@...	`＊Ｂ@「………」
SEEN4430	2533	nonlexical-dialogue	`＊Ｂ@「………」	`＊Ｂ@...	`＊Ｂ@「………」
SEEN4430	2916	nonlexical-dialogue	`＊Ｂ@「………」	`＊Ｂ@...	`＊Ｂ@「………」
SEEN4430	3405	nonlexical-dialogue	`＊Ｂ@「………」	`＊Ｂ@...	`＊Ｂ@「………」
SEEN4501	48	nonlexical-dialogue	`＊Ｂ@「……………」	`＊Ｂ@...	`＊Ｂ@「……………」
SEEN4501	259	nonlexical-dialogue	`＊Ｂ@「………」	`＊Ｂ@...	`＊Ｂ@「………」
SEEN4501	319	nonlexical-dialogue	`＊Ｂ@「………」	`＊Ｂ@...	`＊Ｂ@「………」
SEEN4501	593	nonlexical-dialogue	`＊Ｂ@「………」	`＊Ｂ@...	`＊Ｂ@「………」
SEEN4501	687	nonlexical-dialogue	`＊Ｂ@「………」	`＊Ｂ@...	`＊Ｂ@「………」
SEEN4501	853	nonlexical-dialogue	`＊Ｂ@「………」	`＊Ｂ@...	`＊Ｂ@「………」
SEEN4501	1009	nonlexical-dialogue	`＊Ｂ@「………」	`＊Ｂ@...	`＊Ｂ@「………」
SEEN4501	1552	nonlexical-dialogue	`＊Ｂ@「………」	`＊Ｂ@...	`＊Ｂ@「………」
SEEN4501	1857	nonlexical-dialogue	`＊Ｂ@「………」	`＊Ｂ@...	`＊Ｂ@「………」
SEEN4501	1881	nonlexical-dialogue	`＊Ｂ@「………」	`＊Ｂ@...	`＊Ｂ@「………」
SEEN4501	1941	nonlexical-dialogue	`＊Ｂ@「………」	`＊Ｂ@...	`＊Ｂ@「………」
SEEN4501	1951	nonlexical-dialogue	`＊Ｂ@「………」	`＊Ｂ@...	`＊Ｂ@「………」
SEEN4501	3148	nonlexical-dialogue	`＊Ｂ@「………」	`＊Ｂ@...	`＊Ｂ@「………」
SEEN4502	342	nonlexical-dialogue	`＊Ｂ@「………」	`＊Ｂ@...	`＊Ｂ@「………」
SEEN4502	1390	nonlexical-dialogue	`＊Ｂ@「………」	`＊Ｂ@...	`＊Ｂ@「………」
SEEN4502	1730	nonlexical-dialogue	`＊Ｂ@「………」	`＊Ｂ@...	`＊Ｂ@「………」
SEEN4502	1860	nonlexical-dialogue	`＊Ｂ@「………」	`＊Ｂ@...	`＊Ｂ@「………」
SEEN4502	2734	nonlexical-dialogue	`ことみ@「………」	`Kotomi@...	`琴美@「………」
SEEN4503	108	nonlexical-dialogue	`＊Ｂ@「………」	`＊Ｂ@...	`＊Ｂ@「………」
SEEN4504	525	nonlexical-dialogue	`＊Ｂ@「……………」	`＊Ｂ@...	`＊Ｂ@「……………」
SEEN4504	753	nonlexical-dialogue	`＊Ｂ@「………」	`＊Ｂ@...	`＊Ｂ@「………」
SEEN4504	948	nonlexical-dialogue	`＊Ｂ@「………」	`＊Ｂ@...	`＊Ｂ@「………」
SEEN4504	1176	nonlexical-dialogue	`＊Ｂ@「………」	`＊Ｂ@...	`＊Ｂ@「………」
SEEN4504	2579	nonlexical-dialogue	`＊Ｂ@「………」	`＊Ｂ@...	`＊Ｂ@「………」
SEEN4504	2641	nonlexical-dialogue	`＊Ｂ@「………」	`＊Ｂ@...	`＊Ｂ@「………」
SEEN4504	2928	nonlexical-dialogue	`＊Ｂ@「………」	`＊Ｂ@...	`＊Ｂ@「………」
SEEN4504	3526	nonlexical-dialogue	`＊Ｂ@「………」	`＊Ｂ@...	`＊Ｂ@「………」
SEEN4504	4298	nonlexical-dialogue	`＊Ｂ@「………」	`＊Ｂ@...	`＊Ｂ@「………」
SEEN4504	4796	nonlexical-dialogue	`＊Ｂ@「…………」	`＊Ｂ@...	`＊Ｂ@「…………」
SEEN4505	84	nonlexical-dialogue	`＊Ｂ@「………」	`＊Ｂ@...	`＊Ｂ@「………」
SEEN4505	96	nonlexical-dialogue	`＊Ｂ@「………」	`＊Ｂ@...	`＊Ｂ@「………」
SEEN4505	100	nonlexical-dialogue	`＊Ｂ@「……………」	`＊Ｂ@...	`＊Ｂ@「……………」
SEEN4505	110	nonlexical-dialogue	`＊Ｂ@「……………」	`＊Ｂ@...	`＊Ｂ@「……………」
SEEN4505	288	nonlexical-dialogue	`＊Ｂ@「………」	`＊Ｂ@...	`＊Ｂ@「………」
SEEN4505	347	nonlexical-dialogue	`＊Ｂ@「………」	`＊Ｂ@...	`＊Ｂ@「………」
SEEN4505	409	nonlexical-dialogue	`＊Ｂ@「………」	`＊Ｂ@...	`＊Ｂ@「………」
SEEN4505	680	nonlexical-dialogue	`＊Ｂ@「………」	`＊Ｂ@...	`＊Ｂ@「………」
SEEN4505	750	nonlexical-dialogue	`＊Ｂ@「………」	`＊Ｂ@...	`＊Ｂ@「………」
SEEN4505	1847	nonlexical-dialogue	`＊Ｂ@「………」	`＊Ｂ@...	`＊Ｂ@「………」
SEEN4505	2345	nonlexical-dialogue	`＊Ｂ@「………」	`＊Ｂ@...	`＊Ｂ@「………」
SEEN4505	2612	nonlexical-dialogue	`＊Ｂ@「………」	`＊Ｂ@...	`＊Ｂ@「………」
SEEN4505	2825	nonlexical-dialogue	`＊Ｂ@「………………」	`＊Ｂ@...	`＊Ｂ@「………………」
SEEN4505	2845	nonlexical-dialogue	`＊Ｂ@「………」	`＊Ｂ@...	`＊Ｂ@「………」
SEEN4506	185	nonlexical-dialogue	`＊Ｂ@「………」	`＊Ｂ@...	`＊Ｂ@「………」
SEEN4506	373	nonlexical-dialogue	`＊Ｂ@「………」	`＊Ｂ@...	`＊Ｂ@「………」
SEEN4506	815	nonlexical-dialogue	`＊Ｂ@「………」	`＊Ｂ@...	`＊Ｂ@「………」
SEEN4506	1053	nonlexical-dialogue	`＊Ｂ@「………」	`＊Ｂ@...	`＊Ｂ@「………」
SEEN4506	1307	nonlexical-dialogue	`＊Ｂ@「………」	`＊Ｂ@...	`＊Ｂ@「………」
SEEN4507	72	nonlexical-dialogue	`＊Ｂ@「…………」	`＊Ｂ@...	`＊Ｂ@「…………」
SEEN4507	264	nonlexical-dialogue	`＊Ｂ@「………」	`＊Ｂ@...	`＊Ｂ@「………」
SEEN4508	56	nonlexical-dialogue	`＊Ｂ@「………」	`＊Ｂ@...	`＊Ｂ@「………」
SEEN4508	486	nonlexical-dialogue	`＊Ｂ@「………」	`＊Ｂ@...	`＊Ｂ@「………」
SEEN4508	554	nonlexical-dialogue	`＊Ｂ@「………」	`＊Ｂ@...	`＊Ｂ@「………」
SEEN4508	798	nonlexical-dialogue	`＊Ｂ@「………」	`＊Ｂ@...	`＊Ｂ@「………」
SEEN4508	1126	nonlexical-dialogue	`＊Ｂ@「………!?」	`＊Ｂ@...?!	`＊Ｂ@「………!?」
SEEN4508	1136	nonlexical-dialogue	`＊Ｂ@「………」	`＊Ｂ@...	`＊Ｂ@「………」
SEEN4508	2991	nonlexical-dialogue	`＊Ｂ@「………」	`＊Ｂ@...	`＊Ｂ@「………」
SEEN4508	3077	nonlexical-dialogue	`＊Ｂ@「………」	`＊Ｂ@...	`＊Ｂ@「………」
SEEN4512	32	nonlexical-dialogue	`＊Ｂ@「…？」	`＊Ｂ@...?	`＊Ｂ@「…？」
SEEN4512	59	nonlexical-dialogue	`＊Ｂ@「??」	`＊Ｂ@??	`＊Ｂ@「??」
SEEN4512	65	nonlexical-dialogue	`＊Ｂ@「…???」	`＊Ｂ@???	`＊Ｂ@「…???」
SEEN4512	367	nonlexical-dialogue	`＊Ｂ@「………」	`＊Ｂ@...	`＊Ｂ@「………」
SEEN4512	381	nonlexical-dialogue	`＊Ｂ@「………」	`＊Ｂ@...	`＊Ｂ@「………」
SEEN4513	899	nonlexical-dialogue	`＊Ｂ@「………」	`＊Ｂ@...	`＊Ｂ@「………」
SEEN4513	971	nonlexical-dialogue	`＊Ｂ@「………」	`＊Ｂ@...	`＊Ｂ@「………」
SEEN4513	1529	nonlexical-dialogue	`＊Ｂ@「………」	`＊Ｂ@...	`＊Ｂ@「………」
SEEN4904	162	nonlexical-dialogue	`＊Ｂ@「…………」	`＊Ｂ@...	`＊Ｂ@「…………」
SEEN4904	456	nonlexical-dialogue	`＊Ｂ@「…………」	`＊Ｂ@...	`＊Ｂ@「…………」
SEEN4904	880	nonlexical-dialogue	`＊Ｂ@「……………」	`＊Ｂ@...	`＊Ｂ@「……………」
SEEN5418	275	nonlexical-dialogue	`＊Ｂ@「………」	`＊Ｂ@...	`＊Ｂ@「………」
SEEN5418	343	nonlexical-dialogue	`＊Ｂ@「………」	`＊Ｂ@...	`＊Ｂ@「………」
SEEN5418	651	nonlexical-dialogue	`＊Ｂ@「＊Ａ」	`＊Ｂ@＊Ａ.	`＊Ｂ@「＊Ａ」
SEEN5418	673	nonlexical-dialogue	`＊Ｂ@「＊Ｂ」	`＊Ｂ@＊Ｂ.	`＊Ｂ@「＊Ｂ」
SEEN5418	745	nonlexical-dialogue	`＊Ｂ@「＊Ａ」	`＊Ｂ@＊Ａ.	`＊Ｂ@「＊Ａ」
SEEN5418	799	nonlexical-dialogue	`＊Ｂ@「………」	`＊Ｂ@...	`＊Ｂ@「………」
SEEN5418	1013	nonlexical-dialogue	`＊Ｂ@「………」	`＊Ｂ@...	`＊Ｂ@「………」
SEEN5419	41	nonlexical-dialogue	`＊Ｂ@「………」	`＊Ｂ@...	`＊Ｂ@「………」
SEEN5422	1457	nonlexical-dialogue	`＊Ｂ@「………」	`＊Ｂ@...	`＊Ｂ@「………」
SEEN5422	1696	nonlexical-dialogue	`＊Ｂ@（………）	`＊Ｂ@(...)	`＊Ｂ@（………）
SEEN5423	1807	nonlexical-dialogue	`＊Ｂ@「………」	`＊Ｂ@...	`＊Ｂ@「………」
SEEN5423	2302	nonlexical-dialogue	`＊Ｂ@「………」	`＊Ｂ@...	`＊Ｂ@「………」
SEEN5423	2342	nonlexical-dialogue	`＊Ｂ@「………」	`＊Ｂ@...	`＊Ｂ@「………」
SEEN5423	2432	nonlexical-dialogue	`＊Ｂ@「………」	`＊Ｂ@...	`＊Ｂ@「………」
SEEN5423	2495	nonlexical-dialogue	`＊Ｂ@「………」	`＊Ｂ@...	`＊Ｂ@「………」
SEEN5423	2643	nonlexical-dialogue	`＊Ｂ@「………」	`＊Ｂ@...	`＊Ｂ@「………」
SEEN5424	960	nonlexical-dialogue	`＊Ｂ@「………」	`＊Ｂ@...	`＊Ｂ@「………」
SEEN5424	1210	nonlexical-dialogue	`＊Ｂ@「………」	`＊Ｂ@...	`＊Ｂ@「………」
SEEN5424	1304	nonlexical-dialogue	`＊Ｂ@「………」	`＊Ｂ@...	`＊Ｂ@「………」
SEEN5424	1782	nonlexical-dialogue	`＊Ｂ@「………」	`＊Ｂ@...	`＊Ｂ@「………」
SEEN5424	2790	nonlexical-dialogue	`＊Ｂ@「………」	`＊Ｂ@...	`＊Ｂ@「………」
SEEN5424	3036	nonlexical-dialogue	`＊Ｂ@「………」	`＊Ｂ@...	`＊Ｂ@「………」
SEEN5424	3318	nonlexical-dialogue	`＊Ｂ@「………」	`＊Ｂ@...	`＊Ｂ@「………」
SEEN5424	3992	nonlexical-dialogue	`＊Ｂ@「………」	`＊Ｂ@...	`＊Ｂ@「………」
SEEN5424	4221	nonlexical-dialogue	`＊Ｂ@「………」	`＊Ｂ@...	`＊Ｂ@「………」
SEEN5424	4416	nonlexical-dialogue	`＊Ｂ@「………」	`＊Ｂ@...	`＊Ｂ@「………」
SEEN5424	4908	nonlexical-dialogue	`＊Ｂ@「………」	`＊Ｂ@...	`＊Ｂ@「………」
SEEN5424	5123	nonlexical-dialogue	`＊Ｂ@「………」	`＊Ｂ@...	`＊Ｂ@「………」
SEEN5424	5207	nonlexical-dialogue	`＊Ｂ@「………」	`＊Ｂ@...	`＊Ｂ@「………」
SEEN5424	5685	nonlexical-dialogue	`＊Ｂ@「………」	`＊Ｂ@...	`＊Ｂ@「………」
SEEN5426	377	nonlexical-dialogue	`＊Ｂ@「………」	`＊Ｂ@...	`＊Ｂ@「………」
SEEN5426	435	nonlexical-dialogue	`＊Ｂ@「………」	`＊Ｂ@...	`＊Ｂ@「………」
SEEN5428	211	nonlexical-dialogue	`＊Ｂ@「………」	`＊Ｂ@...	`＊Ｂ@「………」
SEEN5428	632	nonlexical-dialogue	`＊Ｂ@「………」	`＊Ｂ@...	`＊Ｂ@「………」
SEEN5428	676	nonlexical-dialogue	`＊Ｂ@「………」	`＊Ｂ@...	`＊Ｂ@「………」
SEEN5428	928	nonlexical-dialogue	`＊Ｂ@「………」	`＊Ｂ@...	`＊Ｂ@「………」
SEEN5428	1642	nonlexical-dialogue	`＊Ｂ@「………」	`＊Ｂ@...	`＊Ｂ@「………」
SEEN5430	49	nonlexical-dialogue	`＊Ｂ@「………」	`＊Ｂ@...	`＊Ｂ@「………」
SEEN5430	53	nonlexical-dialogue	`＊Ｂ@「………」	`＊Ｂ@...	`＊Ｂ@「………」
SEEN5430	67	nonlexical-dialogue	`＊Ｂ@「………」	`＊Ｂ@...	`＊Ｂ@「………」
SEEN5430	1013	nonlexical-dialogue	`＊Ｂ@「………」	`＊Ｂ@...	`＊Ｂ@「………」
SEEN5430	1334	nonlexical-dialogue	`＊Ｂ@「＊Ａ」	`＊Ｂ@＊Ａ.	`＊Ｂ@「＊Ａ」
SEEN5430	1454	nonlexical-dialogue	`＊Ｂ@「………」	`＊Ｂ@...	`＊Ｂ@「………」
SEEN5430	2750	nonlexical-dialogue	`春原@「………」	`Sunohara@...	`春原@「………」
SEEN5430	3406	nonlexical-dialogue	`＊Ｂ@「………」	`＊Ｂ@...	`＊Ｂ@「………」
SEEN5430	3611	nonlexical-dialogue	`＊Ｂ@「………」	`＊Ｂ@...	`＊Ｂ@「………」
SEEN5430	3647	nonlexical-dialogue	`＊Ｂ@「………」	`＊Ｂ@...	`＊Ｂ@「………」
SEEN5430	4015	nonlexical-dialogue	`＊Ｂ@「………」	`＊Ｂ@...	`＊Ｂ@「………」
SEEN5430	4145	nonlexical-dialogue	`＊Ｂ@「………」	`＊Ｂ@...	`＊Ｂ@「………」
SEEN5430	5012	nonlexical-dialogue	`＊Ｂ@「………」	`＊Ｂ@...	`＊Ｂ@「………」
SEEN5430	5310	nonlexical-dialogue	`＊Ｂ@「………」	`＊Ｂ@...	`＊Ｂ@「………」
SEEN5430	8466	nonlexical-dialogue	`＊Ｂ@「………」	`＊Ｂ@...	`＊Ｂ@「………」
SEEN5430	8532	nonlexical-dialogue	`＊Ｂ@「………」	`＊Ｂ@...	`＊Ｂ@「………」
SEEN5430	8896	nonlexical-dialogue	`＊Ｂ@「………」	`＊Ｂ@...	`＊Ｂ@「………」
SEEN5430	9005	nonlexical-dialogue	`＊Ｂ@「………」	`＊Ｂ@...	`＊Ｂ@「………」
SEEN5430	9035	nonlexical-dialogue	`＊Ｂ@「………」	`＊Ｂ@...	`＊Ｂ@「………」
SEEN5430	9280	nonlexical-dialogue	`＊Ｂ@「………」	`＊Ｂ@...	`＊Ｂ@「………」
SEEN5430	9493	nonlexical-dialogue	`＊Ｂ@「………」	`＊Ｂ@...	`＊Ｂ@「………」
SEEN5430	10141	nonlexical-dialogue	`＊Ｂ@「…？」	`＊Ｂ@...?	`＊Ｂ@「…？」
SEEN5430	10278	nonlexical-dialogue	`＊Ｂ@「………」	`＊Ｂ@...	`＊Ｂ@「………」
SEEN5430	10376	nonlexical-dialogue	`＊Ｂ@「………」	`＊Ｂ@...	`＊Ｂ@「………」
SEEN5430	10380	nonlexical-dialogue	`＊Ｂ@「………」	`＊Ｂ@...	`＊Ｂ@「………」
SEEN5430	10659	nonlexical-dialogue	`＊Ｂ@「………」	`＊Ｂ@...	`＊Ｂ@「………」
SEEN5430	10683	nonlexical-dialogue	`＊Ｂ@「………」	`＊Ｂ@...	`＊Ｂ@「………」
SEEN5430	10727	nonlexical-dialogue	`＊Ｂ@「…？」	`＊Ｂ@...?	`＊Ｂ@「…？」
SEEN5430	10839	nonlexical-dialogue	`＊Ｂ@「………」	`＊Ｂ@...	`＊Ｂ@「………」
SEEN5430	10863	nonlexical-dialogue	`＊Ｂ@「…？」	`＊Ｂ@...?	`＊Ｂ@「…？」
SEEN5430	10917	nonlexical-dialogue	`＊Ｂ@（………）	`＊Ｂ@(...)	`＊Ｂ@（………）
SEEN5430	11097	nonlexical-dialogue	`＊Ｂ@「………」	`＊Ｂ@...	`＊Ｂ@「………」
SEEN5430	11159	nonlexical-dialogue	`＊Ｂ@「………」	`＊Ｂ@...	`＊Ｂ@「………」
SEEN5430	11269	nonlexical-dialogue	`＊Ｂ@「………」	`＊Ｂ@...	`＊Ｂ@「………」
SEEN5430	11847	nonlexical-dialogue	`＊Ｂ@「………」	`＊Ｂ@...	`＊Ｂ@「………」
SEEN5430	12232	nonlexical-dialogue	`＊Ｂ@「………」	`＊Ｂ@...	`＊Ｂ@「………」
SEEN5430	12942	nonlexical-dialogue	`＊Ｂ@「………」	`＊Ｂ@...	`＊Ｂ@「………」
SEEN5430	13180	nonlexical-dialogue	`＊Ｂ@「!!!?」	`＊Ｂ@!!?!	`＊Ｂ@「!!!?」
SEEN5430	13256	nonlexical-dialogue	`＊Ｂ@「………」	`＊Ｂ@...	`＊Ｂ@「………」
SEEN5430	13405	nonlexical-dialogue	`＊Ｂ@「………」	`＊Ｂ@...	`＊Ｂ@「………」
SEEN5430	13497	nonlexical-dialogue	`＊Ｂ@「………」	`＊Ｂ@...	`＊Ｂ@「………」
SEEN5430	13619	nonlexical-dialogue	`＊Ｂ@「………」	`＊Ｂ@...	`＊Ｂ@「………」
SEEN5430	13781	nonlexical-dialogue	`＊Ｂ@「………」	`＊Ｂ@...	`＊Ｂ@「………」
SEEN5430	13821	nonlexical-dialogue	`＊Ｂ@「………」	`＊Ｂ@...	`＊Ｂ@「………」
SEEN5430	13885	nonlexical-dialogue	`＊Ｂ@「………」	`＊Ｂ@...	`＊Ｂ@「………」
SEEN5430	14031	nonlexical-dialogue	`＊Ｂ@「………」	`＊Ｂ@...	`＊Ｂ@「………」
SEEN5430	14717	nonlexical-dialogue	`＊Ｂ@「………」	`＊Ｂ@...	`＊Ｂ@「………」
SEEN6416	946	nonlexical-dialogue	`＊Ｂ@「………」	`＊Ｂ@...	`＊Ｂ@「………」
SEEN6416	1073	nonlexical-dialogue	`＊Ｂ@「………」	`＊Ｂ@...	`＊Ｂ@「………」
SEEN6416	1081	nonlexical-dialogue	`＊Ｂ@「………」	`＊Ｂ@...	`＊Ｂ@「………」
SEEN6416	1202	nonlexical-dialogue	`＊Ｂ@「………」	`＊Ｂ@...	`＊Ｂ@「………」
SEEN6416	1556	nonlexical-dialogue	`＊Ｂ@「………」	`＊Ｂ@...	`＊Ｂ@「………」
SEEN6416	2365	nonlexical-dialogue	`＊Ｂ@「………」	`＊Ｂ@...	`＊Ｂ@「………」
SEEN6416	3258	nonlexical-dialogue	`＊Ｂ@「………」	`＊Ｂ@...	`＊Ｂ@「………」
SEEN6416	3442	nonlexical-dialogue	`＊Ｂ@「………」	`＊Ｂ@...	`＊Ｂ@「………」
SEEN6416	3638	nonlexical-dialogue	`＊Ｂ@「………」	`＊Ｂ@...	`＊Ｂ@「………」
SEEN6416	4019	nonlexical-dialogue	`＊Ｂ@「………」	`＊Ｂ@...	`＊Ｂ@「………」
SEEN6416	4259	nonlexical-dialogue	`＊Ｂ@「………」	`＊Ｂ@...	`＊Ｂ@「………」
SEEN6417	2291	nonlexical-dialogue	`＊Ｂ@「………」	`＊Ｂ@...	`＊Ｂ@「………」
SEEN6417	3698	nonlexical-dialogue	`＊Ｂ@「………」	`＊Ｂ@...	`＊Ｂ@「………」
SEEN6417	3704	nonlexical-dialogue	`＊Ｂ@「………」	`＊Ｂ@...	`＊Ｂ@「………」
SEEN6417	4226	nonlexical-dialogue	`＊Ｂ@「………」	`＊Ｂ@...	`＊Ｂ@「………」
SEEN6418	139	nonlexical-dialogue	`＊Ｂ@「………」	`＊Ｂ@...	`＊Ｂ@「………」
SEEN6418	556	nonlexical-dialogue	`＊Ｂ@「………」	`＊Ｂ@...	`＊Ｂ@「………」
SEEN6418	1856	nonlexical-dialogue	`＊Ｂ@「………」	`＊Ｂ@...	`＊Ｂ@「………」
SEEN6418	2965	nonlexical-dialogue	`＊Ｂ@「………」	`＊Ｂ@...	`＊Ｂ@「………」
SEEN6419	158	nonlexical-dialogue	`＊Ｂ@「………」	`＊Ｂ@...	`＊Ｂ@「………」
SEEN6419	1067	nonlexical-dialogue	`＊Ｂ@「………」	`＊Ｂ@...	`＊Ｂ@「………」
SEEN6419	1073	nonlexical-dialogue	`＊Ｂ@（………）	`＊Ｂ@(...)	`＊Ｂ@（………）
SEEN6419	1169	nonlexical-dialogue	`＊Ｂ@「………」	`＊Ｂ@...	`＊Ｂ@「………」
SEEN6419	1457	nonlexical-dialogue	`＊Ｂ@「………」	`＊Ｂ@...	`＊Ｂ@「………」
SEEN6419	1473	nonlexical-dialogue	`＊Ｂ@「………」	`＊Ｂ@...	`＊Ｂ@「………」
SEEN6419	2192	nonlexical-dialogue	`＊Ｂ@「………」	`＊Ｂ@...	`＊Ｂ@「………」
SEEN6419	2790	nonlexical-dialogue	`＊Ｂ@「………」	`＊Ｂ@...	`＊Ｂ@「………」
SEEN6421	669	nonlexical-dialogue	`＊Ｂ@（………）	`＊Ｂ@(...)	`＊Ｂ@（………）
SEEN6421	1520	nonlexical-dialogue	`＊Ｂ@「………」	`＊Ｂ@...	`＊Ｂ@「………」
SEEN6421	1800	nonlexical-dialogue	`＊Ｂ@「＊Ａ」	`＊Ｂ@＊Ａ.	`＊Ｂ@「＊Ａ」
SEEN6421	1858	nonlexical-dialogue	`＊Ｂ@「………」	`＊Ｂ@...	`＊Ｂ@「………」
SEEN6421	2136	nonlexical-dialogue	`＊Ｂ@「………」	`＊Ｂ@...	`＊Ｂ@「………」
SEEN6422	1238	nonlexical-dialogue	`＊Ｂ@「………」	`＊Ｂ@...	`＊Ｂ@「………」
SEEN6422	1511	nonlexical-dialogue	`＊Ｂ@「………」	`＊Ｂ@...	`＊Ｂ@「………」
SEEN6422	1775	nonlexical-dialogue	`＊Ｂ@「………」	`＊Ｂ@...	`＊Ｂ@「………」
SEEN6422	2219	nonlexical-dialogue	`＊Ｂ@「………」	`＊Ｂ@...	`＊Ｂ@「………」
SEEN6422	3792	nonlexical-dialogue	`＊Ｂ@「………」	`＊Ｂ@...	`＊Ｂ@「………」
SEEN6422	7386	nonlexical-dialogue	`＊Ｂ@「………」	`＊Ｂ@...	`＊Ｂ@「………」
SEEN6423	641	nonlexical-dialogue	`＊Ｂ@「………」	`＊Ｂ@...	`＊Ｂ@「………」
SEEN6423	1846	nonlexical-dialogue	`＊Ｂ@「………」	`＊Ｂ@...	`＊Ｂ@「………」
SEEN6423	1921	nonlexical-dialogue	`＊Ｂ@「………」	`＊Ｂ@...	`＊Ｂ@「………」
SEEN6423	2783	nonlexical-dialogue	`＊Ｂ@「………」	`＊Ｂ@...	`＊Ｂ@「………」
SEEN6424	1519	nonlexical-dialogue	`＊Ｂ@「………」	`＊Ｂ@...	`＊Ｂ@「………」
SEEN6425	445	nonlexical-dialogue	`＊Ｂ@（………）	`＊Ｂ@(...)	`＊Ｂ@（………）
SEEN6425	529	nonlexical-dialogue	`＊Ｂ@「………」	`＊Ｂ@......	`＊Ｂ@「………」
SEEN6425	549	nonlexical-dialogue	`＊Ｂ@「………」	`＊Ｂ@......	`＊Ｂ@「………」
SEEN6425	775	nonlexical-dialogue	`＊Ｂ@「………」	`＊Ｂ@...	`＊Ｂ@「………」
SEEN6425	804	nonlexical-dialogue	`＊Ｂ@「………」	`＊Ｂ@...	`＊Ｂ@「………」
SEEN6425	2615	nonlexical-dialogue	`＊Ｂ@「………」	`＊Ｂ@...	`＊Ｂ@「………」
SEEN6425	4653	nonlexical-dialogue	`＊Ｂ@「………」	`＊Ｂ@...	`＊Ｂ@「………」
SEEN6425	4677	nonlexical-dialogue	`＊Ｂ@「………」	`＊Ｂ@...	`＊Ｂ@「………」
SEEN6425	5158	nonlexical-dialogue	`＊Ｂ@「………」	`＊Ｂ@...	`＊Ｂ@「………」
SEEN6426	174	nonlexical-dialogue	`＊Ｂ@「………」	`＊Ｂ@...	`＊Ｂ@「………」
SEEN6426	238	nonlexical-dialogue	`＊Ｂ@「………」	`＊Ｂ@...	`＊Ｂ@「………」
SEEN6426	276	nonlexical-dialogue	`＊Ｂ@「………」	`＊Ｂ@...	`＊Ｂ@「………」
SEEN6426	429	nonlexical-dialogue	`＊Ｂ@「………」	`＊Ｂ@...	`＊Ｂ@「………」
SEEN6426	626	nonlexical-dialogue	`＊Ｂ@「………」	`＊Ｂ@...	`＊Ｂ@「………」
SEEN6426	910	nonlexical-dialogue	`＊Ｂ@「………」	`＊Ｂ@...	`＊Ｂ@「………」
SEEN6426	1488	nonlexical-dialogue	`＊Ｂ@「………」	`＊Ｂ@...	`＊Ｂ@「………」
SEEN6426	1644	nonlexical-dialogue	`＊Ｂ@「………」	`＊Ｂ@...	`＊Ｂ@「………」
SEEN6426	3645	nonlexical-dialogue	`＊Ｂ@「………」	`＊Ｂ@...	`＊Ｂ@「………」
SEEN6426	4639	nonlexical-dialogue	`＊Ｂ@「………」	`＊Ｂ@...	`＊Ｂ@「………」
SEEN6426	5379	nonlexical-dialogue	`＊Ｂ@「………」	`＊Ｂ@...	`＊Ｂ@「………」
SEEN6426	5443	nonlexical-dialogue	`＊Ｂ@「………」	`＊Ｂ@...	`＊Ｂ@「………」
SEEN6426	5485	nonlexical-dialogue	`＊Ｂ@「………」	`＊Ｂ@...	`＊Ｂ@「………」
SEEN6427	180	nonlexical-dialogue	`＊Ｂ@「………」	`＊Ｂ@...	`＊Ｂ@「………」
SEEN6427	1407	nonlexical-dialogue	`＊Ｂ@「………」	`＊Ｂ@...	`＊Ｂ@「………」
SEEN6427	1727	nonlexical-dialogue	`＊Ｂ@「………」	`＊Ｂ@...	`＊Ｂ@「………」
SEEN6427	1908	nonlexical-dialogue	`＊Ｂ@「………」	`＊Ｂ@...	`＊Ｂ@「………」
SEEN6427	1934	nonlexical-dialogue	`＊Ｂ@「………」	`＊Ｂ@...	`＊Ｂ@「………」
SEEN6427	2779	nonlexical-dialogue	`＊Ｂ@「……？」	`＊Ｂ@...?	`＊Ｂ@「……？」
SEEN6428	1772	nonlexical-dialogue	`＊Ｂ@「………」	`＊Ｂ@...	`＊Ｂ@「………」
SEEN6428	2342	nonlexical-dialogue	`＊Ｂ@「………」	`＊Ｂ@...	`＊Ｂ@「………」
SEEN6428	2414	nonlexical-dialogue	`＊Ｂ@「………」	`＊Ｂ@...	`＊Ｂ@「………」
SEEN6428	3056	nonlexical-dialogue	`＊Ｂ@「………」	`＊Ｂ@...	`＊Ｂ@「………」
SEEN6428	6033	nonlexical-dialogue	`＊Ｂ@（………）	`＊Ｂ@(...)	`＊Ｂ@（………）
SEEN6428	11468	nonlexical-dialogue	`＊Ｂ@「………」	`＊Ｂ@...	`＊Ｂ@「………」
SEEN6428	11486	nonlexical-dialogue	`＊Ｂ@「………」	`＊Ｂ@...	`＊Ｂ@「………」
SEEN6428	11557	nonlexical-dialogue	`＊Ｂ@「………」	`＊Ｂ@...	`＊Ｂ@「………」
SEEN6428	11754	nonlexical-dialogue	`＊Ｂ@「………」	`＊Ｂ@...	`＊Ｂ@「………」
SEEN6429	185	nonlexical-dialogue	`＊Ｂ@「……？」	`＊Ｂ@...?	`＊Ｂ@「……？」
SEEN6429	705	nonlexical-dialogue	`＊Ｂ@「………」	`＊Ｂ@...	`＊Ｂ@「………」
SEEN6429	1153	nonlexical-dialogue	`＊Ｂ@「………」	`＊Ｂ@...	`＊Ｂ@「………」
SEEN6429	1251	nonlexical-dialogue	`＊Ｂ@「………」	`＊Ｂ@...	`＊Ｂ@「………」
SEEN6430	388	nonlexical-dialogue	`＊Ｂ@「………」	`＊Ｂ@...	`＊Ｂ@「………」
SEEN6430	414	nonlexical-dialogue	`＊Ｂ@「………」	`＊Ｂ@...	`＊Ｂ@「………」
SEEN6430	2174	nonlexical-dialogue	`春原・渚@「………」\n$w「………」	`Sunohara & Nagisa@...\n$w...	`春原・渚@「………」\n$w「………」
SEEN6430	8520	nonlexical-dialogue	`＊Ｂ@「………」	`＊Ｂ@...	`＊Ｂ@「………」
SEEN6430	8570	nonlexical-dialogue	`＊Ｂ@「………」	`＊Ｂ@...	`＊Ｂ@「………」
SEEN6430	12023	nonlexical-dialogue	`＊Ｂ@「………」	`＊Ｂ@...	`＊Ｂ@「………」
SEEN6444	260	nonlexical-dialogue	`％Ａ@「………」	`％Ａ@...	`％Ａ@「………」
SEEN6444	284	nonlexical-dialogue	`＊Ｂ@「………」	`＊Ｂ@...	`＊Ｂ@「………」
SEEN6444	368	nonlexical-dialogue	`＊Ｂ@「………」	`＊Ｂ@...	`＊Ｂ@「………」
SEEN6444	384	nonlexical-dialogue	`％Ａ@「………」	`％Ａ@...	`％Ａ@「………」
SEEN6444	386	nonlexical-dialogue	`＊Ｂ@「………」	`＊Ｂ@...	`＊Ｂ@「………」
SEEN6444	388	nonlexical-dialogue	`％Ａ@「………」	`％Ａ@...	`％Ａ@「………」
SEEN6444	390	nonlexical-dialogue	`＊Ｂ@「………」	`＊Ｂ@...	`＊Ｂ@「………」
SEEN6444	733	nonlexical-dialogue	`＊Ｂ@「………」	`＊Ｂ@...	`＊Ｂ@「………」
SEEN6444	777	nonlexical-dialogue	`＊Ｂ@「………」	`＊Ｂ@...	`＊Ｂ@「………」
SEEN6444	1046	nonlexical-dialogue	`＊Ｂ@「………」	`＊Ｂ@...	`＊Ｂ@「………」
SEEN6444	1569	nonlexical-dialogue	`＊Ｂ@「………」	`＊Ｂ@...	`＊Ｂ@「………」
SEEN6444	1722	nonlexical-dialogue	`＊Ｂ@「％Ｃ…」	`＊Ｂ@％Ｃ...	`＊Ｂ@「％Ｃ…」
SEEN6444	1760	nonlexical-dialogue	`％Ａ@「………」	`％Ａ@...	`％Ａ@「………」
SEEN6501	2103	nonlexical-dialogue	`＊Ｂ@「………」	`＊Ｂ@...	`＊Ｂ@「………」
SEEN6501	2941	nonlexical-dialogue	`＊Ｂ@「………」	`＊Ｂ@...	`＊Ｂ@「………」
SEEN6501	3477	nonlexical-dialogue	`＊Ｂ@「………」	`＊Ｂ@...	`＊Ｂ@「………」
SEEN6501	3623	nonlexical-dialogue	`＊Ｂ@「………」	`＊Ｂ@...	`＊Ｂ@「………」
SEEN6501	3810	nonlexical-dialogue	`＊Ｂ@「………」	`＊Ｂ@...	`＊Ｂ@「………」
SEEN6501	4166	nonlexical-dialogue	`＊Ｂ@「………」	`＊Ｂ@...	`＊Ｂ@「………」
SEEN6502	1083	nonlexical-dialogue	`＊Ｂ@「………」	`＊Ｂ@...	`＊Ｂ@「………」
SEEN6502	1200	nonlexical-dialogue	`＊Ｂ@「………」	`＊Ｂ@...	`＊Ｂ@「………」
SEEN6502	1315	nonlexical-dialogue	`＊Ｂ@「………」	`＊Ｂ@...	`＊Ｂ@「………」
SEEN6502	2091	nonlexical-dialogue	`＊Ｂ@「………」	`＊Ｂ@...	`＊Ｂ@「………」
SEEN6502	2698	nonlexical-dialogue	`＊Ｂ@「………」	`＊Ｂ@...	`＊Ｂ@「………」
SEEN6502	2977	nonlexical-dialogue	`＊Ｂ@「………」	`＊Ｂ@...	`＊Ｂ@「………」
SEEN6503	1094	nonlexical-dialogue	`＊Ｂ@「………」	`＊Ｂ@...	`＊Ｂ@「………」
SEEN6504	1568	nonlexical-dialogue	`＊Ｂ@「………」	`＊Ｂ@...	`＊Ｂ@「………」
SEEN6504	1610	nonlexical-dialogue	`＊Ｂ@「………」	`＊Ｂ@...	`＊Ｂ@「………」
SEEN6504	1686	nonlexical-dialogue	`＊Ｂ@「………」	`＊Ｂ@...	`＊Ｂ@「………」
SEEN6504	1894	nonlexical-dialogue	`＊Ｂ@「………」	`＊Ｂ@...	`＊Ｂ@「………」
SEEN6505	376	nonlexical-dialogue	`＊Ｂ@「………」	`＊Ｂ@...	`＊Ｂ@「………」
SEEN6505	608	nonlexical-dialogue	`＊Ｂ@「………」	`＊Ｂ@...	`＊Ｂ@「………」
SEEN6505	835	nonlexical-dialogue	`＊Ｂ@「………」	`＊Ｂ@...	`＊Ｂ@「………」
SEEN6505	2018	nonlexical-dialogue	`＊Ｂ@「………」	`＊Ｂ@...	`＊Ｂ@「………」
SEEN6505	2035	nonlexical-dialogue	`＊Ｂ@「………」	`＊Ｂ@...	`＊Ｂ@「………」
SEEN6506	2860	nonlexical-dialogue	`＊Ｂ@「………」	`＊Ｂ@...	`＊Ｂ@「………」
SEEN6510	600	nonlexical-dialogue	`＊Ｂ@「………」	`＊Ｂ@...	`＊Ｂ@「………」
SEEN6510	1735	nonlexical-dialogue	`＊Ｂ@「………」	`＊Ｂ@...	`＊Ｂ@「………」
SEEN6510	2153	nonlexical-dialogue	`＊Ｂ@「………」	`＊Ｂ@...	`＊Ｂ@「………」
SEEN6510	2193	nonlexical-dialogue	`＊Ｂ@「………」	`＊Ｂ@...	`＊Ｂ@「………」
SEEN6510	2255	nonlexical-dialogue	`＊Ｂ@「………」	`＊Ｂ@...	`＊Ｂ@「………」
SEEN6510	2347	nonlexical-dialogue	`＊Ｂ@「………」	`＊Ｂ@...	`＊Ｂ@「………」
SEEN6510	2505	nonlexical-dialogue	`＊Ｂ@「………」	`＊Ｂ@...	`＊Ｂ@「………」
SEEN6511	646	nonlexical-dialogue	`＊Ｂ@「………」	`＊Ｂ@...	`＊Ｂ@「………」
SEEN6511	1578	nonlexical-dialogue	`＊Ｂ@「………」	`＊Ｂ@...	`＊Ｂ@「………」
SEEN6512	911	nonlexical-dialogue	`＊Ｂ@「………」	`＊Ｂ@...	`＊Ｂ@「………」
SEEN6514	525	nonlexical-dialogue	`＊Ｂ@「………」	`＊Ｂ@...	`＊Ｂ@「………」
SEEN6514	541	nonlexical-dialogue	`＊Ｂ@「………」	`＊Ｂ@...	`＊Ｂ@「………」
SEEN6514	717	nonlexical-dialogue	`＊Ｂ@「………」	`＊Ｂ@...	`＊Ｂ@「………」
SEEN6514	1255	nonlexical-dialogue	`＊Ｂ@「………」	`＊Ｂ@...	`＊Ｂ@「………」
SEEN6514	1350	nonlexical-dialogue	`＊Ｂ@「………」	`＊Ｂ@...	`＊Ｂ@「………」
SEEN6514	1362	nonlexical-dialogue	`＊Ｂ@「………」	`＊Ｂ@...	`＊Ｂ@「………」
SEEN6514	1424	nonlexical-dialogue	`＊Ｂ@「………」	`＊Ｂ@...	`＊Ｂ@「………」
SEEN6514	1513	nonlexical-dialogue	`＊Ｂ@「………」	`＊Ｂ@...	`＊Ｂ@「………」
SEEN6726	1159	nonlexical-dialogue	`＊Ｂ@「………」	`＊Ｂ@...	`＊Ｂ@「………」
SEEN6726	1583	nonlexical-dialogue	`＊Ｂ@「………」	`＊Ｂ@...	`＊Ｂ@「………」
SEEN6726	2029	nonlexical-dialogue	`＊Ｂ@「………」	`＊Ｂ@...	`＊Ｂ@「………」
SEEN6727	402	nonlexical-dialogue	`＊Ｂ@「………」	`＊Ｂ@...	`＊Ｂ@「………」
SEEN6727	1083	nonlexical-dialogue	`＊Ｂ@「………」	`＊Ｂ@...	`＊Ｂ@「………」
SEEN6728	1063	nonlexical-dialogue	`＊Ｂ@「………」	`＊Ｂ@...	`＊Ｂ@「………」
SEEN6729	194	nonlexical-dialogue	`＊Ｂ@「……？」	`＊Ｂ@...?	`＊Ｂ@「……？」
SEEN6729	916	nonlexical-dialogue	`＊Ｂ@「………」	`＊Ｂ@...	`＊Ｂ@「………」
SEEN6729	1035	nonlexical-dialogue	`＊Ｂ@「………」	`＊Ｂ@...	`＊Ｂ@「………」
SEEN6729	1864	nonlexical-dialogue	`＊Ｂ@「………」	`＊Ｂ@...	`＊Ｂ@「………」
SEEN6729	2788	nonlexical-dialogue	`＊Ｂ@「………」	`＊Ｂ@...	`＊Ｂ@「………」
SEEN6729	4628	nonlexical-dialogue	`＊Ｂ@「………」	`＊Ｂ@...	`＊Ｂ@「………」
SEEN6729	4706	nonlexical-dialogue	`＊Ｂ@「………」	`＊Ｂ@...	`＊Ｂ@「………」
SEEN6800	2138	nonlexical-dialogue	`＊Ｂ@「………」	`＊Ｂ@...	`＊Ｂ@「………」
SEEN6800	3340	nonlexical-dialogue	`＊Ｂ@「………」	`＊Ｂ@...	`＊Ｂ@「………」
SEEN6800	3581	nonlexical-dialogue	`＊Ｂ@「………」	`＊Ｂ@...	`＊Ｂ@「………」
SEEN6800	4345	nonlexical-dialogue	`＊Ｂ@「………」	`＊Ｂ@...	`＊Ｂ@「………」
SEEN6800	5024	nonlexical-dialogue	`＊Ｂ@「………」	`＊Ｂ@...	`＊Ｂ@「………」
SEEN6800	5554	nonlexical-dialogue	`＊Ｂ@「………」	`＊Ｂ@...	`＊Ｂ@「………」
SEEN6800	5959	nonlexical-dialogue	`＊Ｂ@「………」	`＊Ｂ@...	`＊Ｂ@「………」
SEEN6800	6339	nonlexical-dialogue	`＊Ｂ@「………」	`＊Ｂ@...	`＊Ｂ@「………」
SEEN6800	7374	nonlexical-dialogue	`＊Ｂ@「………」	`＊Ｂ@...	`＊Ｂ@「………」
SEEN6800	7464	nonlexical-dialogue	`＊Ｂ@「………」	`＊Ｂ@...	`＊Ｂ@「………」
SEEN6800	8328	nonlexical-dialogue	`＊Ｂ@「………」	`＊Ｂ@...	`＊Ｂ@「………」
SEEN6800	9047	nonlexical-dialogue	`＊Ｂ@「………」	`＊Ｂ@...	`＊Ｂ@「………」
SEEN6800_1	41	nonlexical-dialogue	`＊Ｂ@（………）	`＊Ｂ@(...)	`＊Ｂ@（………）
SEEN6800_1	239	nonlexical-dialogue	`＊Ｂ@「………」	`＊Ｂ@...	`＊Ｂ@「………」
SEEN6800_1	986	nonlexical-dialogue	`＊Ｂ@「………」	`＊Ｂ@...	`＊Ｂ@「………」
SEEN6800_1	1228	nonlexical-dialogue	`＊Ｂ@「………」	`＊Ｂ@...	`＊Ｂ@「………」
SEEN6800_1	2555	nonlexical-dialogue	`＊Ｂ@「………」	`＊Ｂ@...	`＊Ｂ@「………」
SEEN6800_1	2804	nonlexical-dialogue	`＊Ｂ@「………」	`＊Ｂ@...	`＊Ｂ@「………」
SEEN6800_1	2808	nonlexical-dialogue	`＊Ｂ@「………」	`＊Ｂ@...	`＊Ｂ@「………」
SEEN6800_1	2812	nonlexical-dialogue	`＊Ｂ@「………」	`＊Ｂ@...	`＊Ｂ@「………」
SEEN6800_1	2816	nonlexical-dialogue	`＊Ｂ@「………」	`＊Ｂ@...	`＊Ｂ@「………」
SEEN6800_1	2820	nonlexical-dialogue	`＊Ｂ@「………」	`＊Ｂ@...	`＊Ｂ@「………」
SEEN6800_1	2847	nonlexical-dialogue	`＊Ｂ@「………」	`＊Ｂ@...	`＊Ｂ@「………」
SEEN6800_1	3174	nonlexical-dialogue	`＊Ｂ@「………」	`＊Ｂ@...	`＊Ｂ@「………」
SEEN6800_1	5275	nonlexical-dialogue	`＊Ｂ@「………」	`＊Ｂ@...	`＊Ｂ@「………」
SEEN6800_1	5859	nonlexical-dialogue	`＊Ｂ@「………」	`＊Ｂ@...	`＊Ｂ@「………」
SEEN6800_1	5933	nonlexical-dialogue	`＊Ｂ@「………」	`＊Ｂ@...	`＊Ｂ@「………」
SEEN6800_1	6014	nonlexical-dialogue	`＊Ｂ@「………」	`＊Ｂ@...	`＊Ｂ@「………」
SEEN6800_1	6052	nonlexical-dialogue	`＊Ｂ@「………」	`＊Ｂ@...	`＊Ｂ@「………」
SEEN6800_1	6064	nonlexical-dialogue	`＊Ｂ@「………」	`＊Ｂ@...	`＊Ｂ@「………」
SEEN6800_1	6081	nonlexical-dialogue	`＊Ｂ@「………」	`＊Ｂ@...	`＊Ｂ@「………」
SEEN6800_1	6119	nonlexical-dialogue	`＊Ｂ@「………」	`＊Ｂ@...	`＊Ｂ@「………」
SEEN6800_1	7198	nonlexical-dialogue	`＊Ｂ@「………」	`＊Ｂ@...	`＊Ｂ@「………」
SEEN6800_1	9712	nonlexical-dialogue	`＊Ｂ@「………」	`＊Ｂ@...	`＊Ｂ@「………」
SEEN6800_1	9988	nonlexical-dialogue	`＊Ｂ@（………）	`＊Ｂ@(...)	`＊Ｂ@（………）
SEEN6800_2	448	nonlexical-dialogue	`＊Ｂ@「………」	`＊Ｂ@...	`＊Ｂ@「………」
SEEN6800_2	1929	nonlexical-dialogue	`芳野@「２５……	`Yoshino@Twenty-five... 	`芳野@「２５……
SEEN6800_2	4196	nonlexical-dialogue	`＊Ｂ@「………」	`＊Ｂ@...	`＊Ｂ@「………」
SEEN6800_2	5917	nonlexical-dialogue	`＊Ｂ@「………」	`＊Ｂ@...	`＊Ｂ@「………」
SEEN6800_2	5999	nonlexical-dialogue	`＊Ｂ@「………」	`＊Ｂ@...	`＊Ｂ@「………」
SEEN6800_2	6356	nonlexical-dialogue	`＊Ｂ@「………」	`＊Ｂ@...	`＊Ｂ@「………」
SEEN6800_2	6506	nonlexical-dialogue	`＊Ｂ@「………」	`＊Ｂ@...	`＊Ｂ@「………」
SEEN6800_2	7804	nonlexical-dialogue	`＊Ｂ@「………」	`＊Ｂ@...	`＊Ｂ@「………」
SEEN6800_2	7893	nonlexical-dialogue	`＊Ｂ@「………」	`＊Ｂ@...	`＊Ｂ@「………」
SEEN6800_2	8132	nonlexical-dialogue	`＊Ｂ@「………」	`＊Ｂ@...	`＊Ｂ@「………」
SEEN6800_2	8356	nonlexical-dialogue	`＊Ｂ@「………」	`＊Ｂ@...	`＊Ｂ@「………」
SEEN6801	621	nonlexical-dialogue	`＊Ｂ@「………」	`＊Ｂ@...	`＊Ｂ@「………」
SEEN6801	2762	nonlexical-dialogue	`＊Ｂ@「………」	`＊Ｂ@...	`＊Ｂ@「………」
SEEN6801	2766	nonlexical-dialogue	`＊Ｂ@「………」	`＊Ｂ@...	`＊Ｂ@「………」
SEEN6801	3867	nonlexical-dialogue	`＊Ｂ@「………」	`＊Ｂ@...	`＊Ｂ@「………」
SEEN6801	5951	nonlexical-dialogue	`＊Ｂ@「………」	`＊Ｂ@...	`＊Ｂ@「………」
SEEN6801	6247	nonlexical-dialogue	`＊Ｂ@「………」	`＊Ｂ@...	`＊Ｂ@「………」
SEEN6801	6365	nonlexical-dialogue	`＊Ｂ@「………」	`＊Ｂ@...	`＊Ｂ@「………」
SEEN6801	6659	nonlexical-dialogue	`＊Ｂ@「………」	`＊Ｂ@...	`＊Ｂ@「………」
SEEN6801	7322	nonlexical-dialogue	`＊Ｂ@「…？」	`＊Ｂ@...?	`＊Ｂ@「…？」
SEEN6801	7519	nonlexical-dialogue	`＊Ｂ@「………」	`＊Ｂ@...	`＊Ｂ@「………」
SEEN6801	7523	nonlexical-dialogue	`＊Ｂ@「………」	`＊Ｂ@...	`＊Ｂ@「………」
SEEN6801	7527	nonlexical-dialogue	`＊Ｂ@「………」	`＊Ｂ@...	`＊Ｂ@「………」
SEEN6801	7594	nonlexical-dialogue	`＊Ｂ@「………」	`＊Ｂ@...	`＊Ｂ@「………」
SEEN6801	7683	nonlexical-dialogue	`＊Ｂ@「………」	`＊Ｂ@...	`＊Ｂ@「………」
SEEN6801	7705	nonlexical-dialogue	`＊Ｂ@「………」	`＊Ｂ@...	`＊Ｂ@「………」
SEEN6801	7743	nonlexical-dialogue	`＊Ｂ@「………」	`＊Ｂ@...	`＊Ｂ@「………」
SEEN6801	7922	nonlexical-dialogue	`＊Ｂ@「………」	`＊Ｂ@...	`＊Ｂ@「………」
SEEN6801	8226	nonlexical-dialogue	`＊Ｂ@「………」	`＊Ｂ@...	`＊Ｂ@「………」
SEEN6801	8244	nonlexical-dialogue	`＊Ｂ@「………」	`＊Ｂ@...	`＊Ｂ@「………」
SEEN6801	8280	nonlexical-dialogue	`＊Ｂ@「………」	`＊Ｂ@...	`＊Ｂ@「………」
SEEN6801	8308	nonlexical-dialogue	`＊Ｂ@「………」	`＊Ｂ@...	`＊Ｂ@「………」
SEEN6801	8669	nonlexical-dialogue	`＊Ｂ@「………」	`＊Ｂ@...	`＊Ｂ@「………」
SEEN6801	9378	nonlexical-dialogue	`＊Ｂ@「………」	`＊Ｂ@...	`＊Ｂ@「………」
SEEN6801	11768	nonlexical-dialogue	`＊Ｂ@「………」	`＊Ｂ@...	`＊Ｂ@「………」
SEEN6801	12182	nonlexical-dialogue	`＊Ｂ@「………」	`＊Ｂ@...	`＊Ｂ@「………」
SEEN6801	12351	nonlexical-dialogue	`＊Ｂ@「………」	`＊Ｂ@...	`＊Ｂ@「………」
SEEN6802	1324	nonlexical-dialogue	`＊Ｂ@「………」	`＊Ｂ@...	`＊Ｂ@「………」
SEEN6802	1328	nonlexical-dialogue	`＊Ｂ@「………」	`＊Ｂ@...	`＊Ｂ@「………」
SEEN6802	5199	nonlexical-dialogue	`＊Ｂ@「………」	`＊Ｂ@...	`＊Ｂ@「………」
SEEN6802	6139	nonlexical-dialogue	`＊Ｂ@「………」	`＊Ｂ@...	`＊Ｂ@「………」
SEEN6802	6174	nonlexical-dialogue	`＊Ｂ@「………」	`＊Ｂ@...	`＊Ｂ@「………」
SEEN6802	6472	nonlexical-dialogue	`＊Ｂ@「………」	`＊Ｂ@...	`＊Ｂ@「………」
SEEN6802	6476	nonlexical-dialogue	`＊Ｂ@「………」	`＊Ｂ@...	`＊Ｂ@「………」
SEEN6802	6514	nonlexical-dialogue	`＊Ｂ@「………」	`＊Ｂ@...	`＊Ｂ@「………」
SEEN6802	6552	nonlexical-dialogue	`＊Ｂ@「………」	`＊Ｂ@...	`＊Ｂ@「………」
SEEN6802	6556	nonlexical-dialogue	`＊Ｂ@「………」	`＊Ｂ@...	`＊Ｂ@「………」
SEEN6802	6617	nonlexical-dialogue	`＊Ｂ@「………」	`＊Ｂ@...	`＊Ｂ@「………」
SEEN6802	6798	nonlexical-dialogue	`＊Ｂ@「………」	`＊Ｂ@...	`＊Ｂ@「………」
SEEN6802_1	4459	nonlexical-dialogue	`＊Ｂ@「………」	`＊Ｂ@...	`＊Ｂ@「………」
SEEN6802_1	4852	nonlexical-dialogue	`＊Ｂ@「………」	`＊Ｂ@...	`＊Ｂ@「………」
SEEN6802_1	4880	nonlexical-dialogue	`＊Ｂ@「………」	`＊Ｂ@...	`＊Ｂ@「………」
SEEN6802_1	5105	nonlexical-dialogue	`＊Ｂ@「………」	`＊Ｂ@...	`＊Ｂ@「………」
SEEN6802_1	5263	nonlexical-dialogue	`＊Ｂ@「………」	`＊Ｂ@...	`＊Ｂ@「………」
SEEN6802_1	5309	nonlexical-dialogue	`＊Ｂ@「………」	`＊Ｂ@...	`＊Ｂ@「………」
SEEN6802_1	5687	nonlexical-dialogue	`＊Ｂ@「………」	`＊Ｂ@...	`＊Ｂ@「………」
SEEN6802_1	6547	nonlexical-dialogue	`＊Ｂ@「………」	`＊Ｂ@...	`＊Ｂ@「………」
SEEN6802_1	6681	nonlexical-dialogue	`＊Ｂ@「………」	`＊Ｂ@...	`＊Ｂ@「………」
SEEN6802_1	6715	nonlexical-dialogue	`＊Ｂ@「………」	`＊Ｂ@...	`＊Ｂ@「………」
SEEN6802_1	6742	nonlexical-dialogue	`＊Ｂ@「………」	`＊Ｂ@...	`＊Ｂ@「………」
SEEN6802_1	8797	nonlexical-dialogue	`＊Ｂ@「………」	`＊Ｂ@...	`＊Ｂ@「………」
SEEN6802_1	8803	nonlexical-dialogue	`＊Ｂ@「………」	`＊Ｂ@...	`＊Ｂ@「………」
SEEN6802_1	9344	nonlexical-dialogue	`＊Ｂ@「………」	`＊Ｂ@...	`＊Ｂ@「………」
SEEN6802_1	9525	nonlexical-dialogue	`＊Ｂ@「………」	`＊Ｂ@...	`＊Ｂ@「………」
SEEN6802_1	9623	nonlexical-dialogue	`＊Ｂ@「………」	`＊Ｂ@...	`＊Ｂ@「………」
SEEN6802_1	9758	nonlexical-dialogue	`＊Ｂ@「………」	`＊Ｂ@...	`＊Ｂ@「………」
SEEN6802_1	10009	nonlexical-dialogue	`＊Ｂ@（………）	`＊Ｂ@(...)	`＊Ｂ@（………）
SEEN6802_1	10413	nonlexical-dialogue	`＊Ｂ@「………」	`＊Ｂ@...	`＊Ｂ@「………」
SEEN6802_1	10479	nonlexical-dialogue	`＊Ｂ@「………」	`＊Ｂ@...	`＊Ｂ@「………」
SEEN6802_1	10483	nonlexical-dialogue	`＊Ｂ@「………」	`＊Ｂ@...	`＊Ｂ@「………」
SEEN6802_1	10493	nonlexical-dialogue	`＊Ｂ@「………」	`＊Ｂ@...	`＊Ｂ@「………」
SEEN6802_1	10503	nonlexical-dialogue	`＊Ｂ@「………」	`＊Ｂ@...	`＊Ｂ@「………」
SEEN6810	4146	nonlexical-dialogue	`＊Ｂ@「………」	`＊Ｂ@...	`＊Ｂ@「………」
SEEN6810	4238	nonlexical-dialogue	`＊Ｂ@「………」	`＊Ｂ@...	`＊Ｂ@「………」
SEEN6810	4311	nonlexical-dialogue	`＊Ｂ@「………」	`＊Ｂ@...	`＊Ｂ@「………」
SEEN6810	4980	nonlexical-dialogue	`＊Ｂ@「………」	`＊Ｂ@...	`＊Ｂ@「………」
SEEN6810	5138	nonlexical-dialogue	`＊Ｂ@「………」	`＊Ｂ@...	`＊Ｂ@「………」
SEEN6810	6015	nonlexical-dialogue	`＊Ｂ@「………」	`＊Ｂ@...	`＊Ｂ@「………」
SEEN6810	6075	nonlexical-dialogue	`＊Ｂ@「………」	`＊Ｂ@...	`＊Ｂ@「………」
SEEN6810	6085	nonlexical-dialogue	`＊Ｂ@「………」	`＊Ｂ@...	`＊Ｂ@「………」
SEEN6810	6109	nonlexical-dialogue	`＊Ｂ@「………」	`＊Ｂ@...	`＊Ｂ@「………」
SEEN6810	6309	nonlexical-dialogue	`＊Ｂ@「………」	`＊Ｂ@...	`＊Ｂ@「………」
SEEN6810	6451	nonlexical-dialogue	`＊Ｂ@「………」	`＊Ｂ@...	`＊Ｂ@「………」
SEEN6810	6517	nonlexical-dialogue	`＊Ｂ@「………」	`＊Ｂ@...	`＊Ｂ@「………」
SEEN6810	6678	nonlexical-dialogue	`＊Ｂ@「………」	`＊Ｂ@...	`＊Ｂ@「………」
SEEN6810	6730	nonlexical-dialogue	`＊Ｂ@「………」	`＊Ｂ@...	`＊Ｂ@「………」
SEEN6810	6776	nonlexical-dialogue	`＊Ｂ@「………」	`＊Ｂ@...	`＊Ｂ@「………」
SEEN6810	6818	nonlexical-dialogue	`＊Ｂ@「………」	`＊Ｂ@...	`＊Ｂ@「………」
SEEN6810	6922	nonlexical-dialogue	`＊Ｂ@「………」	`＊Ｂ@...	`＊Ｂ@「………」
SEEN6810	8152	nonlexical-dialogue	`＊Ｂ@「………」	`＊Ｂ@...	`＊Ｂ@「………」
SEEN6810	8194	nonlexical-dialogue	`＊Ｂ@「………」	`＊Ｂ@...	`＊Ｂ@「………」
SEEN6810	8567	nonlexical-dialogue	`＊Ｂ@「………」	`＊Ｂ@...	`＊Ｂ@「………」
SEEN6810	8755	nonlexical-dialogue	`＊Ｂ@「………」	`＊Ｂ@...	`＊Ｂ@「………」
SEEN6810	9118	nonlexical-dialogue	`＊Ｂ@「………」	`＊Ｂ@...	`＊Ｂ@「………」
SEEN6810	12593	nonlexical-dialogue	`＊Ｂ@「………」	`＊Ｂ@...	`＊Ｂ@「………」
SEEN6811	2342	nonlexical-dialogue	`＊Ｂ@「………」	`＊Ｂ@...	`＊Ｂ@「………」
SEEN6811	2588	nonlexical-dialogue	`＊Ｂ@「………」	`＊Ｂ@...	`＊Ｂ@「………」
SEEN6811	3306	nonlexical-dialogue	`＊Ｂ@「………」	`＊Ｂ@...	`＊Ｂ@「………」
SEEN6811	3524	nonlexical-dialogue	`＊Ｂ@「………」	`＊Ｂ@...	`＊Ｂ@「………」
SEEN6811	4685	nonlexical-dialogue	`＊Ｂ@「………」	`＊Ｂ@...	`＊Ｂ@「………」
SEEN6811	5234	nonlexical-dialogue	`＊Ｂ@「………」	`＊Ｂ@...	`＊Ｂ@「………」
SEEN6811	6551	nonlexical-dialogue	`＊Ｂ@「………」	`＊Ｂ@...	`＊Ｂ@「………」
SEEN6811	7638	nonlexical-dialogue	`＊Ｂ@「………」	`＊Ｂ@...	`＊Ｂ@「………」
SEEN6811	10082	nonlexical-dialogue	`＊Ｂ@（………）	`＊Ｂ@(...)	`＊Ｂ@（………）
SEEN6811	10309	nonlexical-dialogue	`＊Ｂ@「………」	`＊Ｂ@...	`＊Ｂ@「………」
SEEN6811	10553	nonlexical-dialogue	`＊Ｂ@「………」	`＊Ｂ@...	`＊Ｂ@「………」
SEEN6811	10720	nonlexical-dialogue	`＊Ｂ@「………」	`＊Ｂ@...	`＊Ｂ@「………」
SEEN6811	10728	nonlexical-dialogue	`＊Ｂ@「………」	`＊Ｂ@...	`＊Ｂ@「………」
SEEN6811	10776	nonlexical-dialogue	`＊Ｂ@「………」	`＊Ｂ@...	`＊Ｂ@「………」
SEEN6811	10854	nonlexical-dialogue	`＊Ｂ@（………）	`＊Ｂ@(...)	`＊Ｂ@（………）
SEEN6811	10888	nonlexical-dialogue	`＊Ｂ@「………」	`＊Ｂ@...	`＊Ｂ@「………」
SEEN6811	11113	nonlexical-dialogue	`＊Ｂ@「………」	`＊Ｂ@...	`＊Ｂ@「………」
SEEN7000	1003	nonlexical-dialogue	`＊Ｂ@「………」	`＊Ｂ@...	`＊Ｂ@「………」
SEEN7000	1265	nonlexical-dialogue	`＊Ｂ@「………」	`＊Ｂ@...	`＊Ｂ@「………」
SEEN7000	1287	nonlexical-dialogue	`＊Ｂ@「………」	`＊Ｂ@...	`＊Ｂ@「………」
SEEN7000	2705	nonlexical-dialogue	`＊Ｂ@「………」	`＊Ｂ@...	`＊Ｂ@「………」
SEEN7000	4007	nonlexical-dialogue	`＊Ｂ@「………」	`＊Ｂ@...	`＊Ｂ@「………」
SEEN7100	470	nonlexical-dialogue	`＊Ｂ@「………」	`＊Ｂ@...	`＊Ｂ@「………」
SEEN7100	1074	nonlexical-dialogue	`＊Ｂ@「………」	`＊Ｂ@...	`＊Ｂ@「………」
SEEN7100	1466	nonlexical-dialogue	`＊Ｂ@「………」	`＊Ｂ@...	`＊Ｂ@「………」
SEEN7102	58	nonlexical-dialogue	`＊Ｂ@「………」	`＊Ｂ@...	`＊Ｂ@「………」
SEEN7102	74	nonlexical-dialogue	`＊Ｂ@「………」	`＊Ｂ@...	`＊Ｂ@「………」
SEEN7102	2958	nonlexical-dialogue	`＊Ｂ@「………」	`＊Ｂ@...	`＊Ｂ@「………」
SEEN7102	3921	nonlexical-dialogue	`＊Ｂ@「………」	`＊Ｂ@...	`＊Ｂ@「………」
SEEN7102	4204	nonlexical-dialogue	`＊Ｂ@「………」	`＊Ｂ@...	`＊Ｂ@「………」
SEEN7102	5164	nonlexical-dialogue	`＊Ｂ@「………」	`＊Ｂ@...	`＊Ｂ@「………」
SEEN7103	1053	nonlexical-dialogue	`＊Ｂ@「………」	`＊Ｂ@...	`＊Ｂ@「………」
SEEN7103	1113	nonlexical-dialogue	`＊Ｂ@「………」	`＊Ｂ@...	`＊Ｂ@「………」
SEEN7200	1024	nonlexical-dialogue	`＊Ｂ@「………」	`＊Ｂ@...	`＊Ｂ@「………」
SEEN7200	1471	nonlexical-dialogue	`＊Ｂ@「………」	`＊Ｂ@...	`＊Ｂ@「………」
SEEN7200	2120	nonlexical-dialogue	`＊Ｂ@「………」	`＊Ｂ@...	`＊Ｂ@「………」
SEEN7200	2694	nonlexical-dialogue	`＊Ｂ@「………」	`＊Ｂ@...	`＊Ｂ@「………」
SEEN7200	2838	nonlexical-dialogue	`＊Ｂ@「………」	`＊Ｂ@...	`＊Ｂ@「………」
SEEN7200	2922	nonlexical-dialogue	`＊Ｂ@「………」	`＊Ｂ@...	`＊Ｂ@「………」
SEEN7200	3174	nonlexical-dialogue	`＊Ｂ@「………」	`＊Ｂ@...	`＊Ｂ@「………」
SEEN7200	5094	nonlexical-dialogue	`＊Ｂ@「………」	`＊Ｂ@...	`＊Ｂ@「………」
SEEN7300	189	nonlexical-dialogue	`＊Ｂ@「………」	`＊Ｂ@...	`＊Ｂ@「………」
SEEN7300	433	nonlexical-dialogue	`＊Ｂ@「………」	`＊Ｂ@...	`＊Ｂ@「………」
SEEN7400	860	nonlexical-dialogue	`＊Ｂ@「………」	`＊Ｂ@...	`＊Ｂ@「………」
SEEN7401	2562	nonlexical-dialogue	`＊Ｂ@「………」	`＊Ｂ@...	`＊Ｂ@「………」
SEEN7401	3083	nonlexical-dialogue	`＊Ｂ@「………」	`＊Ｂ@...	`＊Ｂ@「………」
SEEN7401	4414	nonlexical-dialogue	`＊Ｂ@「………」	`＊Ｂ@...	`＊Ｂ@「………」
SEEN7401	6239	nonlexical-dialogue	`＊Ｂ@「………」	`＊Ｂ@...	`＊Ｂ@「………」
SEEN7401	6705	nonlexical-dialogue	`＊Ｂ@「＊Ａ＊Ｂ」	`＊Ｂ@＊Ｂ ＊Ａ.	`＊Ｂ@「＊Ａ＊Ｂ」
SEEN7401_2	8657	nonlexical-dialogue	`＊Ｂ@「………」	`＊Ｂ@...	`＊Ｂ@「………」
SEEN7401_2	10276	nonlexical-dialogue	`＊Ｂ@「………」	`＊Ｂ@...	`＊Ｂ@「………」
SEEN7401_3	3890	nonlexical-dialogue	`＊Ｂ@「………」	`＊Ｂ@...	`＊Ｂ@「………」
SEEN7401_3	4782	nonlexical-dialogue	`＊Ｂ@「………」	`＊Ｂ@...	`＊Ｂ@「………」
SEEN7401_3	4984	nonlexical-dialogue	`＊Ｂ@「………」	`＊Ｂ@...	`＊Ｂ@「………」
SEEN7401_3	5702	nonlexical-dialogue	`＊Ｂ@「………」	`＊Ｂ@...	`＊Ｂ@「………」
SEEN7401_3	5879	nonlexical-dialogue	`＊Ｂ@「………」	`＊Ｂ@...	`＊Ｂ@「………」
SEEN7401_3	6103	nonlexical-dialogue	`＊Ｂ@「………」	`＊Ｂ@...	`＊Ｂ@「………」
SEEN7401_3	6145	nonlexical-dialogue	`＊Ｂ@「………」	`＊Ｂ@...	`＊Ｂ@「………」
SEEN7401_3	7751	nonlexical-dialogue	`＊Ｂ@「………」	`＊Ｂ@...	`＊Ｂ@「………」
SEEN7402	535	nonlexical-dialogue	`＊Ｂ@「………」	`＊Ｂ@...	`＊Ｂ@「………」
SEEN7402	1258	nonlexical-dialogue	`＊Ｂ@「………」	`＊Ｂ@...	`＊Ｂ@「………」
SEEN7402	2810	nonlexical-dialogue	`＊Ｂ@「………」	`＊Ｂ@...	`＊Ｂ@「………」
SEEN7500	1466	nonlexical-dialogue	`＊Ｂ@「………」	`＊Ｂ@...	`＊Ｂ@「………」
SEEN7500	4805	nonlexical-dialogue	`＊Ｂ@「………」	`＊Ｂ@...	`＊Ｂ@「………」
SEEN7500	6567	nonlexical-dialogue	`＊Ｂ@「………」	`＊Ｂ@...	`＊Ｂ@「………」
SEEN7500	8932	nonlexical-dialogue	`＊Ｂ@「………」	`＊Ｂ@...	`＊Ｂ@「………」
SEEN7500	8952	nonlexical-dialogue	`＊Ｂ@「………」	`＊Ｂ@...	`＊Ｂ@「………」
SEEN7500	9644	nonlexical-dialogue	`＊Ｂ@「………」	`＊Ｂ@...	`＊Ｂ@「………」
SEEN7500	9732	nonlexical-dialogue	`＊Ｂ@「………」	`＊Ｂ@...	`＊Ｂ@「………」
SEEN7501	528	nonlexical-dialogue	`＊Ｂ@「………」	`＊Ｂ@...	`＊Ｂ@「………」
SEEN7501	538	nonlexical-dialogue	`＊Ｂ@「………」	`＊Ｂ@...	`＊Ｂ@「………」
SEEN7600	349	nonlexical-dialogue	`＊Ｂ@「………」	`＊Ｂ@...	`＊Ｂ@「………」
SEEN7600	402	nonlexical-dialogue	`＊Ｂ@「………」	`＊Ｂ@...	`＊Ｂ@「………」
SEEN7600	1232	nonlexical-dialogue	`＊Ｂ@「………」	`＊Ｂ@...	`＊Ｂ@「………」
SEEN7600	1401	nonlexical-dialogue	`＊Ｂ@「………」	`＊Ｂ@...	`＊Ｂ@「………」
SEEN7600	1423	nonlexical-dialogue	`＊Ｂ@「………」	`＊Ｂ@...	`＊Ｂ@「………」
SEEN7600	1459	nonlexical-dialogue	`＊Ｂ@「………」	`＊Ｂ@...	`＊Ｂ@「………」
SEEN7600	1700	nonlexical-dialogue	`＊Ｂ@「………」	`＊Ｂ@...	`＊Ｂ@「………」
SEEN7600	1963	nonlexical-dialogue	`＊Ｂ@「………」	`＊Ｂ@...	`＊Ｂ@「………」
SEEN7600	2246	nonlexical-dialogue	`＊Ｂ@「………？」	`＊Ｂ@...?	`＊Ｂ@「………？」
SEEN7600	2256	nonlexical-dialogue	`＊Ｂ@「………」	`＊Ｂ@...	`＊Ｂ@「………」
SEEN7600	3558	nonlexical-dialogue	`＊Ｂ@「………」	`＊Ｂ@...	`＊Ｂ@「………」
SEEN7600	3778	nonlexical-dialogue	`＊Ｂ@「………」	`＊Ｂ@...	`＊Ｂ@「………」
SEEN7600	4203	nonlexical-dialogue	`＊Ｂ@「………」	`＊Ｂ@...	`＊Ｂ@「………」
SEEN7600	4241	nonlexical-dialogue	`＊Ｂ@「…??」	`＊Ｂ@...??	`＊Ｂ@「…??」
SEEN7600	4335	nonlexical-dialogue	`＊Ｂ@「………」	`＊Ｂ@...	`＊Ｂ@「………」
SEEN7600	4490	nonlexical-dialogue	`＊Ｂ@「………」	`＊Ｂ@...	`＊Ｂ@「………」
SEEN7600	4520	nonlexical-dialogue	`＊Ｂ@「………」	`＊Ｂ@...	`＊Ｂ@「………」
SEEN7600	4717	nonlexical-dialogue	`＊Ｂ@「………」	`＊Ｂ@...	`＊Ｂ@「………」
SEEN7601	65	nonlexical-dialogue	`＊Ｂ@「………？」	`＊Ｂ@...?	`＊Ｂ@「………？」
SEEN7601	497	nonlexical-dialogue	`＊Ｂ@「………」	`＊Ｂ@...	`＊Ｂ@「………」
SEEN7601	973	nonlexical-dialogue	`＊Ｂ@「………」	`＊Ｂ@...	`＊Ｂ@「………」
SEEN7601	1043	nonlexical-dialogue	`＊Ｂ@「…？」	`＊Ｂ@...?	`＊Ｂ@「…？」
SEEN7601	1133	nonlexical-dialogue	`＊Ｂ@「………」	`＊Ｂ@...	`＊Ｂ@「………」
SEEN7601	1305	nonlexical-dialogue	`＊Ｂ@「………」	`＊Ｂ@...	`＊Ｂ@「………」
SEEN7601	2253	nonlexical-dialogue	`＊Ｂ@「………」	`＊Ｂ@...	`＊Ｂ@「………」
SEEN7601	2469	nonlexical-dialogue	`＊Ｂ@「………」	`＊Ｂ@...	`＊Ｂ@「………」
SEEN7601	3290	nonlexical-dialogue	`＊Ｂ@「………」	`＊Ｂ@...	`＊Ｂ@「………」
SEEN7601	3620	nonlexical-dialogue	`＊Ｂ@「………？」	`＊Ｂ@...?	`＊Ｂ@「………？」
SEEN7601	3663	nonlexical-dialogue	`＊Ｂ@「!!?」	`＊Ｂ@?!!	`＊Ｂ@「!!?」
SEEN7601	3810	nonlexical-dialogue	`＊Ｂ@「………」	`＊Ｂ@...	`＊Ｂ@「………」
SEEN7601	3835	nonlexical-dialogue	`＊Ｂ@「――!!」	`＊Ｂ@―!!	`＊Ｂ@「――!!」
SEEN7601	4726	nonlexical-dialogue	`＊Ｂ@「…………」	`＊Ｂ@......	`＊Ｂ@「…………」
SEEN7601	4788	nonlexical-dialogue	`＊Ｂ@「？」	`＊Ｂ@?	`＊Ｂ@「？」
SEEN7601	4864	nonlexical-dialogue	`＊Ｂ@「………」	`＊Ｂ@...	`＊Ｂ@「………」
SEEN7601	5233	nonlexical-dialogue	`＊Ｂ@「…？」	`＊Ｂ@...?	`＊Ｂ@「…？」
SEEN7601	5271	nonlexical-dialogue	`＊Ｂ@「………」	`＊Ｂ@...	`＊Ｂ@「………」
SEEN7601	5744	nonlexical-dialogue	`＊Ｂ@「………」	`＊Ｂ@...	`＊Ｂ@「………」
SEEN7601	5796	nonlexical-dialogue	`＊Ｂ@「………」	`＊Ｂ@...	`＊Ｂ@「………」
SEEN7601	5973	nonlexical-dialogue	`＊Ｂ@「………」	`＊Ｂ@...	`＊Ｂ@「………」
SEEN7601	6759	nonlexical-dialogue	`＊Ｂ@「………」	`＊Ｂ@...	`＊Ｂ@「………」
SEEN7601	7184	nonlexical-dialogue	`＊Ｂ@「………」	`＊Ｂ@...	`＊Ｂ@「………」
SEEN7601	7450	nonlexical-dialogue	`＊Ｂ@「………」	`＊Ｂ@...	`＊Ｂ@「………」
SEEN7601	7533	nonlexical-dialogue	`＊Ｂ@「………」	`＊Ｂ@...	`＊Ｂ@「………」
SEEN7601	7575	nonlexical-dialogue	`＊Ｂ@「………」	`＊Ｂ@...	`＊Ｂ@「………」
SEEN7601	8487	nonlexical-dialogue	`＊Ｂ@「………」	`＊Ｂ@...	`＊Ｂ@「………」
SEEN7601	9280	nonlexical-dialogue	`＊Ｂ@「………」	`＊Ｂ@...	`＊Ｂ@「………」
SEEN7601	9368	nonlexical-dialogue	`＊Ｂ@「………」	`＊Ｂ@...	`＊Ｂ@「………」
SEEN7601	9486	nonlexical-dialogue	`＊Ｂ@「………」	`＊Ｂ@...	`＊Ｂ@「………」
SEEN7601	9608	nonlexical-dialogue	`＊Ｂ@「………」	`＊Ｂ@.........	`＊Ｂ@「………」
SEEN7601	9626	nonlexical-dialogue	`＊Ｂ@「……」	`＊Ｂ@......	`＊Ｂ@「……」
SEEN7601	9644	nonlexical-dialogue	`＊Ｂ@「…」	`＊Ｂ@...	`＊Ｂ@「…」
SEEN7601	10537	nonlexical-dialogue	`＊Ｂ@「………」	`＊Ｂ@...	`＊Ｂ@「………」
SEEN7601	10731	nonlexical-dialogue	`＊Ｂ@「………」	`＊Ｂ@...	`＊Ｂ@「………」
SEEN7601	10796	nonlexical-dialogue	`＊Ｂ@「…？」	`＊Ｂ@...?	`＊Ｂ@「…？」
SEEN7601	11016	nonlexical-dialogue	`＊Ｂ@「………」	`＊Ｂ@...	`＊Ｂ@「………」
SEEN7601	11165	nonlexical-dialogue	`＊Ｂ@「………」	`＊Ｂ@...	`＊Ｂ@「………」
SEEN7601	11203	nonlexical-dialogue	`＊Ｂ@「………」	`＊Ｂ@...	`＊Ｂ@「………」
SEEN7601	11281	nonlexical-dialogue	`＊Ｂ@「………」	`＊Ｂ@...	`＊Ｂ@「………」
SEEN7601	11656	nonlexical-dialogue	`＊Ｂ@「………」	`＊Ｂ@...	`＊Ｂ@「………」
SEEN7601	12678	nonlexical-dialogue	`＊Ｂ@「………」	`＊Ｂ@...	`＊Ｂ@「………」
SEEN7601	12779	nonlexical-dialogue	`＊Ｂ@「――…」	`＊Ｂ@Ugh―	`＊Ｂ@「――…」
SEEN7601	12883	nonlexical-dialogue	`＊Ｂ@「………」	`＊Ｂ@...	`＊Ｂ@「………」
SEEN7601	12956	nonlexical-dialogue	`＊Ｂ@「……？」	`＊Ｂ@......?	`＊Ｂ@「……？」
SEEN7601	13744	nonlexical-dialogue	`＊Ｂ@「…？」	`＊Ｂ@...?	`＊Ｂ@「…？」
SEEN7601	13843	nonlexical-dialogue	`＊Ｂ@「………」	`＊Ｂ@...	`＊Ｂ@「………」
SEEN7601	14377	nonlexical-dialogue	`＊Ｂ@「………」	`＊Ｂ@...	`＊Ｂ@「………」
SEEN7601	14706	nonlexical-dialogue	`勝平・＊Ｂ@「………」\n$w「………」	`Kappei & ＊Ｂ@...\n$w...	`胜平・＊Ｂ@「………」\n$w「………」
SEEN7601	14919	nonlexical-dialogue	`＊Ｂ@「………」	`＊Ｂ@...	`＊Ｂ@「………」
SEEN7601	15032	nonlexical-dialogue	`＊Ｂ@「…？」	`＊Ｂ@...?	`＊Ｂ@「…？」
SEEN7601	15497	nonlexical-dialogue	`＊Ｂ@「………」	`＊Ｂ@...	`＊Ｂ@「………」
SEEN7601	15619	nonlexical-dialogue	`＊Ｂ@「………」	`＊Ｂ@...	`＊Ｂ@「………」
SEEN7601	16733	nonlexical-dialogue	`＊Ｂ@「…??」	`＊Ｂ@...??	`＊Ｂ@「…??」
SEEN7601	16864	nonlexical-dialogue	`＊Ｂ@「………」	`＊Ｂ@...	`＊Ｂ@「………」
SEEN7601	17403	nonlexical-dialogue	`＊Ｂ・春原@「………」\n$w「………」	`＊Ｂ & Sunohara@...\n$w...	`＊Ｂ@「………」\n$w「………」
SEEN7601	17435	nonlexical-dialogue	`＊Ｂ・春原@「………」\n$w「………」	`＊Ｂ & Sunohara@...\n$w...	`＊Ｂ@「………」\n$w「………」
SEEN7601	17974	nonlexical-dialogue	`＊Ｂ@「………」	`＊Ｂ@...	`＊Ｂ@「………」
SEEN7601	18048	nonlexical-dialogue	`＊Ｂ@「………」	`＊Ｂ@...	`＊Ｂ@「………」
