id	jp_text	en_text	zh_text	option_count	first_scene	first_code_index
1	上書きで何か吹き込む$dやめておく	Record your own voice over it$dJust leave it there	记录你自己的声音$d别管了	2	SEEN0414	1577
2	やめた。アホらし…$d適当に思いついた言葉を発する	Forget it. This is stupid...$dJust say whatever comes to mind	别管了 这太蠢了...$d随便你怎么说	2	SEEN0414	1606
3	サボる$d受ける	Skip class$dSit through class	跳过类$d坐过课	2	SEEN0415	947
4	中庭に下りる$d放っておく	Go down to the courtyard$dDo nothing	下到院子里来$d无所事事	2	SEEN0415	3220
5	もう立ち去る$dまだ話を続ける	Just leave$dKeep talking	走开$d继续说	2	SEEN0415	3580
6	気になる$d気にならない	I feel concerned$dI don't feel concerned	我觉得很担心$d我不担心	2	SEEN0415	4214
7	話しかける$d放っておく	Talk to her$dDo nothing	跟她说话$d无所事事	2	SEEN0415	5256
8	昨日の女の子のこと…$d昔のこと…	That girl from yesterday...$dMy own past...	昨天那个女孩...$d我的过去...	2	SEEN0416	72
9	行く$d行かない	Go with Sunohara$dStay	跟着春原$d留下来	2	SEEN0416	651
10	サボる$dやめておく	Skip class$dDon't skip	跳过类$d别跳过	2	SEEN0416	977
11	走って買いにいく$dそこまですることはない	Run to buy a sandwich$dNo reason to make that much of an effort	跑去买三明治$d没必要这么努力	2	SEEN0416	1182
12	手伝う$dひとりでやらせる	Help$dMake her do it alone	帮助$d让她自己来	2	SEEN0416	2607
13	ついていく$d放っておく	Follow him$dDo nothing	跟着他$d无所事事	2	SEEN0417	1022
14	探しに出る$d待ち続ける	Go look for her$dKeep waiting	去寻找她$d继续等	2	SEEN0417	3948
15	隣の教室を覗いてみる$d別の場所を探す	Look in the class next door$dCheck somewhere else	看看隔壁的课$d找别的地方	2	SEEN0417	3978
16	校内で暇を潰す$d校外で暇を潰す	Waste time inside school$dWaste time outside school	学校里的浪费时间$d校外浪费时间	2	SEEN0417	4073
17	寝ていく$d校外で暇を潰す	Sleep$dWaste time outside school	睡觉$d校外浪费时间	2	SEEN0417	4121
18	話しかける$d見送る	Talk to her$dWatch as she leaves	跟她说话$d看着她离开	2	SEEN0417	4288
19	図書室$d教室に戻る	The library$dReturn to the classroom	图书馆$d回到教室来	2	SEEN0418	738
20	空き教室$d教室に戻る	An empty classroom$dReturn to the classroom	一个空教室$d回到教室来	2	SEEN0418	752
21	図書室$d空き教室$d教室に戻る	The library$dAn empty classroom$dReturn to the classroom	图书馆$d一个空教室$d回到教室来	3	SEEN0418	766
22	寝にいく$dやっぱり教室に戻る	Go sleep$dReturn to the classroom after all	睡觉$d毕竟还是回到教室	2	SEEN0418	803
23	旧校舎へ$d真っ直ぐ帰る	Go to the old school building$dGo straight home	去旧校舍$d直接回家来	2	SEEN0419	695
24	図書室へ$d部室へ$d資料室へ	To the library$dTo the club rooms$dTo the reference room	去图书馆$d去俱乐部房间$d去参考室	3	SEEN0419	732
25	図書室へ$d部室へ$d帰る	To the library$dTo the club rooms$dGo home	去图书馆$d去俱乐部房间$d回家来吧	3	SEEN0419	758
26	ついていく$d無視	Follow him$dIgnore him	跟着他$d别理他	2	SEEN0420	168
27	漫画を探す$d遊んでみる	Find some manga$dTry reading the adventure book	找些漫画$d试看冒险书	2	SEEN0420	505
28	真面目に起きていく$d遅刻していく	Wake up like a good student$dBe late	醒来像一个好学生$d迟到了	2	SEEN0421	94
29	やめておく$dあくまで美佐枝さんの部屋へ	Don't go$dPersist and go to Misae-san's room	别走$d坚持下去美佐枝-先生的房间	2	SEEN0421	969
30	こんにちは、と言え$d俺を見つけるリアクションから入れ$dまず自己紹介しろ	Say hello$dReact to finding me$dStart by introducing yourself	打个招呼$d找到我的反应$d从自我介绍开始	3	SEEN0422	208
31	手伝う$d手伝わない	Help$dDon't help	帮助$d别帮	2	SEEN0422	1405
32	水を口に含んでから言え$d常に語尾に『それと便座カバー』と付けろ$dいっこくどう風に言え	Say it with water in your mouth$dAlways add ❝and a toilet seat cover❞ to the end of your sentences$dSay it like Ikkokudou	"嘴里说水$d总是在句尾加上""和厕所座位盖""$d像伊克库杜那样说"	3	SEEN0423	578
33	ホームで離ればなれになる恋人のように$d命を捨てて地球を救う宇宙飛行士のように$d回想シーンだけで数巻にも及ぶ漫画のように	Act like we're lovers parting ways at a train station$dAct like an astronaut about to sacrifice himself to save Earth$dAct like a manga that spends multiple volumes on one flashback	假装我们是情侣 在火车站分手$d装成一个即将牺牲自己拯救地球的宇航员$d装得像个漫画,在一次闪回上花了很多卷	3	SEEN0423	939
34	ああ$d悪いが、違う	Yeah$dSorry, but no	对$d对不起,但不行	2	SEEN0423	1202
35	眠る$d気分転換	Sleep$dGo for a walk	睡觉$d去散个步	2	SEEN0423	1491
36	呼び止める$d放っておく	Call out to it$dDo nothing	喊出来$d无所事事	2	SEEN0423	1587
37	代わりに出る$d出ない	Talk to her in Sunohara's place$dDon't talk to her	跟她谈谈春原地点$d别跟她说话	2	SEEN0423	2911
38	逃げる$d引き受ける	Run$dAccept your fate	运行$d接受你的命运	2	SEEN0424	2304
39	呼びとめる$d放っておく	Call out to it$dDo nothing	喊出来$d无所事事	2	SEEN0424	2697
40	する$dしない	Play$dDon't play	播放$d别玩了	2	SEEN0424	3297
41	引き金を引いていた$d忠告をしていた	I pull the trigger.$dI warn her.	我扣动扳机。$d我警告过她	2	SEEN0425	1367
42	勝負はあくまで冷徹に$d可哀想だから止めてやる	All's fair in love and war$dStop him because you feel bad	爱情和战争是公平的$d拦住他,因为你觉得不好	2	SEEN0425	2634
43	ふたりで学食で食べる$d春原に買いに行かせる$d食べない	Eat in the cafeteria together$dMake Sunohara go buy things$dDon't eat	一起在餐厅吃饭$d制作春原去买东西$d别吃东西	3	SEEN0425	3552
44	グラウンド$d体育館$d職員室	The athletic grounds$dThe gym$dThe teachers' room	运动场$d体育馆$d老师的房间	3	SEEN0425	4160
45	グラウンド$d職員室	The athletic grounds$dThe teachers' room	运动场$d老师的房间	2	SEEN0425	4464
46	グラウンド$d体育館	The athletic grounds$dThe gym	运动场$d体育馆	2	SEEN0425	4684
47	訊いてみる$d興味ない	Ask them what's wrong$dI'm not interested	问他们怎么了$d我没兴趣	2	SEEN0426	589
48	いける$d却下	She'll work$dNo way	她会工作的$d不会吧	2	SEEN0428	1705
49	止める$d放っておく	Stop him$dDo nothing	拦住他$d无所事事	2	SEEN0428	2501
50	一芝居打つ$d見送る	Put on an act$dWatch him leave	演戏$d看着他走	2	SEEN0428	3530
51	告白する$d見送る	Confess$dWatch her walk away	认罪$d看着她走开	2	SEEN0555	26
52	告白する$d様子見する	Confess$dKeep watching	认罪$d继续看	2	SEEN0555	45
53	振り払う$d抱きしめる	Shake her off$dHug her	摇开她$d抱紧她	2	SEEN0555	97
54	スティーブといく$dひとりでいく	Go with Steve$dGo by yourself	跟史提夫一起走,好吗?$d你一个人去	2	SEEN0555	131
55	スティーブに任せる$d自分で戦う	Leave it to Steve$dFight on your own	交给史蒂夫$d单打独斗	2	SEEN0555	160
56	開ける$d無視	Open it$dIgnore it	打开$d别管了	2	SEEN0555	191
57	真っ直ぐ進む$d左に$d右に	Go straight$dGo left$dGo right	直来直去$d左转$d右转	3	SEEN0555	202
58	抱きしめる$d振り払う	Hug him$dShake him off	抱紧他$d摇开他	2	SEEN0555	260
59	一緒にいく$d振り払う	Go with her$dShake her off	跟着她$d摇开她	2	SEEN0555	296
60	リトライ$dもうやめる	Retry$dGive up	重试$d放弃吧	2	SEEN0555	425
61	暇だから、鼻からジュースを飲ませてみる$d待ち続ける	I'm bored. I should try to make her drink juice through her nose.$dKeep waiting	我很无聊。 我应该让她从鼻子里喝果汁$d继续等	2	SEEN1001	0
62	悪戯をする$d待ち続ける	Time for a prank$dKeep waiting	是时候恶作剧了$d继续等	2	SEEN1002	0
63	悪戯をする$d置いていく	Time for a prank$dJust leave her here	是时候恶作剧了$d别管她了	2	SEEN1003	138
64	悪戯をする$d放っておく	Time for a prank$dDo nothing	是时候恶作剧了$d无所事事	2	SEEN1009	0
65	立ち去る$d話しかけてみる	Just leave$dTry talking to her	走开$d试着跟她说话	2	SEEN1417	154
66	捕まえる$d逃がす	Gotta catch 'er$dLet her go	一定要抓住那个$d放开她	2	SEEN1418	89
67	立ち去る$dもう少し見ている	Leave$dI'll watch her just a bit more	离开$d我会多看她一眼	2	SEEN1418	643
68	どっかに置いておく$d持って帰る	Leave it somewhere$dTake it home	放在某个地方$d带回家去	2	SEEN1422	401
69	夕べ眠れずに泣いていたんだろ？$d四六時中も好きと言って$d余計なものなどないよね	You were up all night crying, right?$dTell me you love me 24/7$dThere is nothing unnecessary, right?	你整晚都在哭,对吧?$d告诉我你全天候爱我$d没有什么不必要的,对不对?	3	SEEN1423	618
70	力ずくで連れていく$d置いていく	Forcibly take her along$dJust leave her here	把她强行带走$d别管她了	2	SEEN1426	443
71	手伝うことにした$d退散することにした	Help her$dNot help her	帮帮她$d不帮她	2	SEEN1426	3089
72	わかった。付き合うよ$d俺のことも考えてくれ	All right. Count me in$dCould you think more about me?	好吧,我们走。 算我一个$d你能多想想我吗?	2	SEEN1426	3522
73	正直にそのことを告げる$d内緒にしておく	Tell her the truth$dDon't tell her the truth	告诉她真相$d别告诉她真相	2	SEEN1427	927
74	おもむろに鼻をつまむ$d大人しくしている	Slowly pinch her nose$dJust stay still	慢慢捏住她的鼻子$d别动	2	SEEN1427	1165
75	そうだな…$dいや…	I guess so...$dNo...	我想是这样...$d没有...	2	SEEN1427	1754
76	孫の手$d長寿箸$d鮭をくわえた熊	Back-scratching hand$dLongevity chopsticks$dCarving of a bear with a salmon in its mouth	后击手$d长寿筷子$d雕刻熊嘴里有鲑鱼	3	SEEN1428	5358
77	話し合いに参加させる$d一息いれる	Make her join in the conversation$dTake a break	让她加入对话$d休息一会	2	SEEN1428	7873
78	悪戯をする$dやめておく	Time for a prank$dLeave her alone	是时候恶作剧了$d放开她	2	SEEN1428	8309
79	渚についていく$dここに残る	Follow Nagisa$dStay here	跟着渚$d待在这里	2	SEEN1429	495
80	新校舎一階の廊下$d新校舎三階の廊下$d資料室	The corridor on the 1st floor of the new building$dThe corridor on the 3rd floor of the new building$dReference room	新大楼一楼的走廊$d新大楼三楼的走廊$d参考室	3	SEEN1430	377
81	肩を揉む$d鼻を揉む	Massage her shoulders$dMassage her nose	按摩她的肩膀$d给鼻子按摩	2	SEEN1430	4264
82	他を当たることにする$d無理を言う	Try another teacher$dKeep on pushing	试试别的老师$d继续推	2	SEEN1502	1733
83	ぐー$dちょき$dぱー	Rock$dScissors$dPaper	摇滚$d剪刀$d纸张	3	SEEN1503	2744
84	ぐー$dぱー	Rock$dPaper	摇滚$d纸张	2	SEEN1503	3112
85	オッサンに任せておく$d代わる	Leave it to the old man$dBe THE man	交给老家伙$d做个男人	2	SEEN1511	210
86	キスしていいか？$dこのままでいてもいいか？	Can I kiss you?$dCan we stay like this?	我能吻你吗?$d我们能这样吗?	2	SEEN1516	2134
87	このままでいてもいいか？$dとっととどいてくれ	Can we stay like this?$dJust get off me already	我们能这样吗?$d你快放开我	2	SEEN1516	2539
88	避難する$d成り行きを見守る	Escape$dWatch how things turn out	越狱$d看情况如何	2	SEEN2415	75
89	興味がある$d興味なし	I'm interested in this$dI'm not interested in this	我对这个感兴趣$d我不感兴趣	2	SEEN2415	356
90	見に行く$d教室に残る	Go and watch$dStay in the classroom	去看着$d待在教室里,别走	2	SEEN2417	188
91	引き受ける$d断る	Accept$dRefuse	接受$d拒绝	2	SEEN2418	370
92	蹴り返す$dよける	Kick him back$dDodge	踢他回来$d隐藏	2	SEEN2418	1428
93	助ける$d腕を振りほどく	Help her$dShake off her hand	帮帮她$d甩开她的手	2	SEEN2418	1869
94	もう、やめさせる$d放っておく	Have him stop it already$dLet him go	让他停止吧$d放开他	2	SEEN2419	308
95	声をかける$d無視	Say something$dIgnore her	说话呀$d别理她	2	SEEN2421	56
96	そうだな$dそうか？	I guess so$dIs that so	我想是这样$d是吗?	2	SEEN2421	794
97	辛抱する$d強引に食べる	I'll just be patient$dI eat it anyway	我会耐心的$d反正我也吃过	2	SEEN2421	1847
98	今、帰るところ$d黙秘	I'm on my way home$dStay silent	我马上回家$d保持安静	2	SEEN2422	125
99	迷惑だ$dいや、そういうのじゃなくて…	You are bothering me$dNo, it's not like that	你在烦我$d不,不是这样的	2	SEEN2422	613
100	もう、やめさせる$d春原と一緒に楽しむ	Have him stop it already$dHave fun together with Sunohara	让他停止吧$d玩得开心点春原	2	SEEN2422	3366
101	あいつが長く休んでいたことを$dあいつが演劇部を目指していたことを$dあいつがあんパンを食べていたことを	About how for a long time, she had to stop school$dAbout the fact that she's trying to reform the drama club$dAbout the fact that I saw her eating anpan	关于多久,她不得不停止上学$d关于她试图改革戏剧俱乐部的事实$d关于我看到她吃阿潘的事实	3	SEEN2423	5057
102	智代と居たいだけなのかもしれない$d退屈しのぎとして考えているのかもしれない	Perhaps I just want to be with Tomoyo$dPerhaps I just thought of her as a way to stave off boredom	也许我只是想在一起智代$d也许我只是把她当成一种 避免无聊的方法	2	SEEN2424	2215
103	キスにこだわる$d支度を始める	Fixate on just kissing$dStart getting ready	亲亲而已$d开始准备	2	SEEN2425	365
104	外で食べる$d学食で食べる	Let's eat outside$dLet's eat in the school cafeteria	我们出去吃饭吧$d在学校餐厅吃饭吧	2	SEEN2426	340
105	なら、その分、今…$dおまえも想像しろ	In that case, right here and now$dWhy don't you imagine those things too, then	这样的话,现在就在这里$d那你也想象一下这些	2	SEEN2502	280
106	エッチなこと$d柔軟体操	Something perverted$dSome gymnastics	变态的东西$d一些体操	2	SEEN2502	317
107	シミュレーションしてみる$dやめておく	Run a simulation$dLet's not	运行模拟$d我们不要	2	SEEN2503	286
108	ああ…たぶん$dいや…違う	Yeah... Probably$dNo... Probably not	对... 也许$d没有... 也许不是	2	SEEN2503	1405
109	度の過ぎた妄想をする$dじゃあな…と去る	Have a fantasy that exceeds all boundaries$dLeave for real	拥有超越一切境界的幻想$d离开真的	2	SEEN2504	228
110	このままでいいと思った$dこのままじゃいけないと思った	Think things are fine like this$dThink things can't go on like this	觉得这样很好$d以为事情不能这样下去	2	SEEN2505	94
111	黙って智代に任せる$d口出しする	Silently let Tomoyo handle this$dInterfere	悄悄地让智代处理这个$d间断	2	SEEN2506	1114
112	いい$dよくない	It's all right$dIt's not all right	没关系$d有点不对劲	2	SEEN2506	3379
113	手伝う$d断る	Help$dRefuse	帮助$d拒绝	2	SEEN2511	3934
114	謝っておく$dムシする	Apologize$dIgnore her	道歉$d别理她	2	SEEN3415	325
115	婆さんに声をかける$dそのまま通り過ぎる	Talk to the old lady$dJust keep walking	跟老太太说$d继续走	2	SEEN3416	67
116	追求してみる$d特に気にしない	Try pressing for details$dDon't worry about it	尝试按下细节$d别担心	2	SEEN3416	1102
117	おっぱい占い$dトランプ占い	She uses boobs$dShe uses playing cards	她用奶头$d她经常打牌	2	SEEN3418	1002
118	自分が占ってもらう$d春原を占わせる	Have her read my fortune$dLet Sunohara do it	让她读我的财富$d让春原动手	2	SEEN3418	2057
119	右に跳ぶ$d待ち構える$d左に跳ぶ	Jump right$dStay still and brace for impact$dJump left	右转$d别动,准备撞击$d左转	3	SEEN3421	34
120	杏に向かってボタンを投げる$dとりあえず持っていく	Throw Botan toward Kyou$dTake him for now	掷出牡丹走向杏$d先把他带走吧	2	SEEN3422	1716
121	逃げる$dついていく	Run$dFollow her	运行$d跟着她	2	SEEN3423	641
122	マジ？　いいのか？$dいや、もういらねぇ	Really? You will?$dNah, I don't want any more	真的吗? 你会吗?$d不,我不想再这样了	2	SEEN3424	3685
123	どこかで時間をつぶす$d素直に校門へ向かう	Kill time somewhere$dJust go to the school gate	在某个地方杀人$d去学校门口	2	SEEN3425	1124
124	友達$d恋人$d夫婦	Friends$dLovers$dMarried	朋友们$d爱人$d已婚	3	SEEN3425	3540
125	それでも良かったら…$dだから付き合うのは…	Let's give it a try$dIt'd honestly be difficult	试试看$d真的很难	2	SEEN3426	2834
126	このまま立ち去る$dとりあえず抱いて学校まで$d悲劇に酔いしれてみる	Just walk away$dBring him along to school$dAct like it's a tragedy	走开$d把他带到学校去$d装作是个悲剧	3	SEEN3428	122
127	長い髪が好き$d短い髪が好き	Long hair$dShort hair	长发$d短发	2	SEEN3428	1817
128	うまかったぞ…$dまずかったぞ…	It's good...$dIt's terrible...	这很好...$d这太可怕了...	2	SEEN3501	969
129	練習をしてみる$d黙って杏を見ている	Try practicing$dStay quiet and look at Kyou	尝试练习$d保持安静,看看杏	2	SEEN3503	2925
130	タンザナイト$dアメジスト	Tanzanite$dAmethyst	坦赞尼人$d亚美西斯特	2	SEEN3504	156
131	キスをする$dキスをしない	Kiss her$dDon't kiss her	亲她$d别亲她	2	SEEN3505	1922
132	飛び出す$d立ち去る	Run out$dWalk away	跑出来$d走开	2	SEEN3507	1438
133	食べる$d断る	Eat$dRefuse	吃饭$d拒绝	2	SEEN4415	450
134	ついていく$d一人でぶらつく	Follow her$dWander around alone	跟着她$d独自徘徊	2	SEEN4417	177
135	ページを切ってないか調べる$dどうでもいいので放っておく	Check for cut-up pages$dLeave it alone because I don't care	检查剪切页面$d别管它,因为我不在乎	2	SEEN4417	775
136	脅かしてやる$d隠れて様子を伺う	Surprise her$dHide and see what's up	给她个惊喜$d躲起来看看	2	SEEN4418	54
137	図書室に入る$d教室に戻る	Enter the library$dReturn to class	输入库$d返回课堂	2	SEEN4418	832
138	ページをめくる$d名前を呼ぶ$dほっぺたをつつく	Turn a page$dCall her name$dPoke her cheek	翻开一页$d叫她名字来$d戳她的脸颊	3	SEEN4418	972
139	名前を呼ぶ$dほっぺたをつつく	Call her name$dPoke her cheek	叫她名字来$d戳她的脸颊	2	SEEN4418	1006
140	ページをめくる$d名前を呼ぶ	Turn a page$dCall her name	翻开一页$d叫她名字来	2	SEEN4418	1057
141	放っておけない$dこれ以上関わりを持たない	I can't leave her alone$dI don't want to have anything to do with her	我不能丢下她一个人$d我不想和她有任何关系	2	SEEN4418	1681
142	これからはことみと食べる$d今まで通り渚と食べる	Start eating with Kotomi$dContinue eating with Nagisa as usual	开始吃饭琴美$d继续吃饭渚照旧	2	SEEN4418	2006
143	後を追って書店に入る$d放っておく	Follow her into the bookstore$dLeave her alone	跟着她去书店$d放开她	2	SEEN4419	64
144	ここで別れる$d家まで送ると申し出る	Part ways here$dOffer to walk her home	分道扬镳$d答应送她回家	2	SEEN4419	1034
145	図書室から立ち去る$dここにいていいか訊ねる	Leave the library$dAsk if it's all right to stay	离开图书馆$d问留下有何好处	2	SEEN4420	901
146	読む$d読まない	Read$dDon't read	读取$d不读书	2	SEEN4420	1185
147	『違う』と答える$dちょっとからかってみる	Deny it$dTease her a bit	拒绝$d把她租了一点	2	SEEN4421	3171
148	職員室に行ってみる$dもう少し待ってみる	Go to the teacher's office$dWait a little longer	去老师的办公室$d再等一会儿	2	SEEN4423	943
149	素直に待っている$dもちろん逃げる	Wait for her$dRun away as fast as possible	等着她$d越快越好,越快越好	2	SEEN4425	2488
150	このまま家にいる$d外出する	Stay at home$dGo outside	呆在家里别动$d出来	2	SEEN4429	93
151	様子を見る$dことみを助ける	Keep watching$dHelp Kotomi	继续看$d帮助琴美	2	SEEN4430	2591
152	ただの友人です$d今はまだ違いますが…	She's just a friend$dNot yet...	她只是一个朋友$d还没...	2	SEEN4503	359
153	邪魔者たちを追い払う$dこのままでもいいか…	Get rid of the others$dJust keep things the way they are	除掉其他人$d保持原样	2	SEEN4504	900
154	意地でも二人きりでデートする$d…もうこのままでいい	Force your way into a date with just Kotomi$dJust keep things the way they are	强迫你与一个约会琴美$d保持原样	2	SEEN4504	1177
155	告白する$dやめておく	Confess$dDon't do it	认罪$d别这样	2	SEEN4505	305
156	紳士の言葉を伝える$d今は黙っておく	Tell her what the gentleman said$dDon't tell her yet	告诉她那位先生说的话$d别告诉她	2	SEEN4505	1628
157	なぜそんなことを訊くんですか？$d付き合ってるというか…	Why ask something like that?$dWe're not really dating. It's more like...	为什么问这种事?$d我们不是真的约会。 这更像是...	2	SEEN4508	434
158	やめる$d続ける	Quit$dKeep going	退出$d继续	2	SEEN4510	396
159	「あきらめるしかない」と言う$d「あきらめるな」と言う	Tell them they have to give up$dTell them they can't give up	告诉他们他们必须放弃$d告诉他们他们不能放弃	2	SEEN4511	964
160	立ち去る$dもう少し話をする	Leave here$dTalk to her a bit more	离开这儿$d跟她多说几句	2	SEEN5418	807
161	寝ていく$d教室に戻る	Just sleep$dReturn to the classroom	睡觉$d回到教室来	2	SEEN5418	1263
162	杏$d椋$d智代	Kyou$dRyou$dTomoyo	杏$d椋$d智代	3	SEEN5422	1062
163	杏$d椋	Kyou$dRyou	杏$d椋	2	SEEN5422	2165
164	やる$dやらない	Try the spell$dDon't try the spell	试试咒语$d不要尝试咒语	2	SEEN5423	1226
165	試してみる$d春原にやる	Give it a try$dGive the coins to Sunohara	试试看$d把硬币交给我春原	2	SEEN5424	963
166	古河…$dではなく…	Furukawa...$dNot her...	古河. .  ....$d不是她,是她,是她吗?	2	SEEN5424	1469
167	風子…$dではなく…	Fuko...$dNot her...	风子. .  ....$d不是她,是她,是她吗?	2	SEEN5424	2917
168	智代…$dではなく…	Tomoyo...$dNot her...	智代. .  ....$d不是她,是她,是她吗?	2	SEEN5424	3106
169	杏…$dではなく…	Kyou...$dNot her...	杏. .  ....$d不是她,是她,是她吗?	2	SEEN5424	3817
170	起こす$dそのままにしておく	Wake her up$dLet her sleep	唤醒她$d让她睡吧	2	SEEN5430	6055
171	起こす$dこのまま寝かす	Wake her up$dLet her sleep	唤醒她$d让她睡吧	2	SEEN5430	10152
172	そうしたい$dそんなわけにはいかない	I would$dI couldn't possibly	我会$d我无法	2	SEEN6416	4170
173	色気$dイラスト$dコラボレーション	Sex appeal$dA drawing$dCollaboration	性吸引力$d一个绘图$d协作	3	SEEN6417	1790
174	どんな演劇をやるんですか？$dビラの絵はなんなんですか？$d好きな男のタイプは？	What kinda plays are we gonna do?$dWhat's that drawing on the fliers?$dWhat kind of guys are you into?	我们该怎么办?$d传单上画的是什么?$d你喜欢什么样的人?	3	SEEN6418	877
175	古河としばらく離れて歩く$d古河の手を引いて、走り抜ける	Get far away from Furukawa and keep walking$dGrab Furukawa's hand and run past him	远离古河继续走$d抓起来古河手和跑过他	2	SEEN6418	1640
176	様子を見に行く$d行かない	Go check on her$dStay	去检查她$d留下来	2	SEEN6419	1074
177	古河の具合は？$d早苗さんは？	How's Furukawa doing?$dWhat's up with Sanae-san?	怎么样古河干吗?$d或早苗-长官?	2	SEEN6420	116
178	急いで学食へ$d窓の外を見る	Hurry to the cafeteria$dLook out the window	快点去餐厅$d看着窗外	2	SEEN6421	275
179	代わりに談判してくる$dもう一度古河に行かせる	Go to negotiate in her place$dMake Furukawa go again	去代替她谈判$d制作古河再来一次	2	SEEN6421	1644
180	さらに頑張らせる$d代わりに行ってくる	Make her try again$dGo in her place	让她再试一次$d换个位置	2	SEEN6421	2140
181	智代に話しかける$d素通りする	Talk to Tomoyo$dWalk straight by her	说话智代$d直接走过去	2	SEEN6422	260
182	斬る$d盗む$d魔法	Slash$dSteal$dMagic	斜线$d偷窃$d魔术	3	SEEN6422	2762
183	風子に相談してみる$dもちろんやめる	Ask Fuko for help$dOf course I don't ask	询问风子请求帮助$d我当然不问	2	SEEN6422	3044
184	藤林姉妹に相談$d担任に相談	Talk to the Fujibayashi sisters$dTalk to a homeroom teacher	跟藤林姐妹们谈谈$d跟老师说	2	SEEN6422	3209
185	ああ$d違う	Yeah$dNo	对$d没有	2	SEEN6423	968
186	多分、そうなのだろう$d違う	She probably is$dNo	她也许$d没有	2	SEEN6423	2242
187	そのままでいる$d抱きしめる	Stay like this$dEmbrace her	像这样$d拥抱她	2	SEEN6424	1520
188	先を急ぐ$d訊いてみる	Rush ahead$dAsk them what's wrong	前进$d问他们怎么了	2	SEEN6426	1330
189	探す$d月曜にする	Look around$dWait until Monday	环顾四周$d等到星期一再说	2	SEEN6426	3075
190	幸村をメンバーに入れる$d入れない	Get Koumura to join$dDon't	获取幸村准备加入$d别	2	SEEN6426	3121
191	ああ$dひとりで行ってくれ	Sure$dPlease go alone this time	当然$d这次请自己去	2	SEEN6426	5040
192	客だ$d手伝いだ	I'm a customer$dI'm helping out	我是顾客$d我在帮忙	2	SEEN6427	281
193	渚の肩を抱く$d我慢する	Put your arm around Nagisa's shoulder$dHold off	把手举起来渚双肩$d慢着	2	SEEN6427	1810
194	練習させる$d芽衣ちゃんと遊ばせる	Make her practice$dHave her play with Mei-chan	让她练习$d让她玩芽衣-陈	2	SEEN6428	1486
195	新校舎で探す$d旧校舎で探す	Search the new school building$dSearch the old school building	搜索新教学楼$d搜索旧校舍	2	SEEN6428	1896
196	二階を探す$d三階を探す	Look around the second floor$dLook around the third floor	环顾二楼$d环顾三楼	2	SEEN6428	1903
197	いける$dもう一度よく考えてみる	She'll work$dReally think about it one more time	她会工作的$d再考虑一次	2	SEEN6428	2525
198	運動不足の解消$d馬鹿のやり収め$d俺たちに貸しを作る	Making up for a lack of exercise$dOne last chance to have stupid fun$dGetting us to owe you one	弥补缺乏锻炼$d最后的机会,有愚蠢的乐趣$d让我们欠你一个人情	3	SEEN6428	3737
199	説明する$dめんどくさいな…	Explain$dWhat a pain...	解释$d真烦人...	2	SEEN6428	4809
200	頼む、メンバーになってくれ$d別に無理はしなくていいぞ	Join our team, please$dThere's no need to push yourself like that	请加入我们的队伍$d没必要那样逼自己	2	SEEN6428	6967
201	空き教室を探す$d資料室を探す	Search the empty classrooms$dSearch the reference room	搜索空教室$d搜索参考室	2	SEEN6428	7440
202	いい$d考え直す	Sure$dReconsider	当然$d重新审议	2	SEEN6428	8875
203	頼む$d頼まない	Ask her$dDon't ask her	问她$d别问她	2	SEEN6428	9537
204	美佐枝さんにする$dそれもやめる	Go with Misae-san$dDon't do that either	跟着美佐枝- 老师$d也别这样	2	SEEN6428	9871
205	練習する$d対策を練る	Practice$dFigure out a way around it	实践$d想办法绕过去	2	SEEN6428	11558
206	最後は智代に$d最後は俺に	Give Tomoyo the last shot$dI'll take the last shot	给智代最后一个镜头$d最后一枪我再打	2	SEEN6430	4092
207	最後は芳野祐介に$d最後は俺に	Give Yusuke Yoshino the last shot$dI'll take the last shot	给祐介芳野最后一个镜头$d最后一枪我再打	2	SEEN6430	5668
208	最後は美佐枝さんに$d最後は俺に	Give Misae-san the last shot$dI'll take the last shot	给美佐枝- 最后一枪$d最后一枪我再打	2	SEEN6430	7423
209	最後はオッサンに$d最後は俺に	Give him the last shot$dI'll take the last shot	给他最后一枪$d最后一枪我再打	2	SEEN6430	9652
210	最後は杏に$d最後は俺に	Let Kyou take the last shot$dI'll take the last shot	让杏最后一枪$d最后一枪我再打	2	SEEN6430	11482
211	プレゼントをする$dデートに誘う$d耳元で愛を囁き続ける	Giving her a present$dInviting her on a date$dWhispering sweet nothings into her ear	送给她礼物$d邀请她约会$d悄悄地把甜美的东西塞进她的耳朵	3	SEEN6501	2504
212	好き$d俺には渚がいる	I like her$dI have Nagisa	我喜欢她$d我见过渚	2	SEEN6502	2046
213	台本を奪う$d唇を奪う$d心を奪う	Steal her script$dSteal a kiss$dSteal her heart	偷她的剧本$d偷一个吻$d偷她的心脏	3	SEEN6510	224
214	あんたはいい父親だ$dあんたは父親としては失格だ	You're a good father$dYou're a failure as a father	你是个好父亲$d你是个失败的父亲	2	SEEN6511	318
215	叫ぶ$d黙って見ている	Yell$dWatch silently	喊叫声$d安静的看着	2	SEEN6511	2036
216	好きにさせる$dやめさせる	Let her do it$dStop her	让她来吧$d拦住她	2	SEEN6728	1224
217	何のつもりなのか訊く$dもう一度頼む	Ask her why she did it$dAsk her to do it again	问她为什么要这么做$d让她再来一次	2	SEEN6729	3356
218	自分を落ち着かせる$dばれなければいいと開き直る	Calm down$dDecide that it's fine as long as you're not caught	冷静点$d确定只要你没被抓就没事	2	SEEN6800	8895
219	いい$dいや、言葉以外で…	Yes$dNo, something other than words	对$d不,除了言语	2	SEEN6800_1	1787
220	エッチなこととか…$dいや、言葉でいい	Doing something dirty...$dActually, words are fine	做一些脏事...$d其实,文字是好的	2	SEEN6800_1	1990
221	誤解を解く$d好きに思わせておく	Clear up the misunderstanding$dLet them think whatever they want	清除误会$d让他们想什么都行	2	SEEN6800_1	4774
222	黙ってじっとしている$d拒否する	Stay silent and don't move$dDeny it	安静,别动$d拒绝	2	SEEN6800_1	6073
223	テレビを見る$dタンスを漁る	Watch TV$dHunt through my drawers	观看电视$d打扫我的抽屉	2	SEEN6800_1	7182
224	創立者祭$d牛追い祭り$dエプロンだけの日	Founder's Festival$dThe running of the bulls$dApron only day	创始人节$d公牛们的奔跑$d仅仅一天	3	SEEN6800_1	8001
225	模試$d牛追い祭り$dエプロンだけの日	Mock exams$dThe running of the bulls$dApron only day	模拟考试$d公牛们的奔跑$d仅仅一天	3	SEEN6800_1	8016
226	模試$dだんご追い祭り$dエプロンだけの日	Mock exams$dThe running of the dango$dApron only day	模拟考试$d丹戈的运行$d仅仅一天	3	SEEN6800_1	8207
227	別にいいけど$d反対	It's fine with me$dNo way	没关系$d不会吧	2	SEEN6800_1	10013
228	ダメじゃなくて無理$d仕方がない…	It's not too much, it's impossible$dOh, fine	不是太多,不可能的$d哦,没事	2	SEEN6800_2	4259
229	違う$d………。	No$d......	没有$d. . . . . . . . .	2	SEEN6800_2	6022
230	殴りつける$d堪える	Hit something$dHold it in	打东西$d坚持住	2	SEEN6800_2	7898
231	見に行く$dここで待つ	Go look$dWait here	去找找看吧 找找看吧 找找看$d在这里等着	2	SEEN6802_1	1098
232	呼ぶ$d呼ばない	Call out$dSay nothing	喊出来$d什么都不说	2	SEEN6803	100
233	後ろから抱きつく$d大人しくテレビを見ている	Hug her from behind$dQuietly keep watching TV	从后面抱她$d安静地看电视	2	SEEN6810	1425
234	もっと強く抱きしめてみる$d邪魔になるだろうから、このままでいる	Hold her even closer$dIt could distract her; stay like this	抱紧她$d这会分散她的注意力 保持这样	2	SEEN6810	1520
235	調べてみる$dさすがにそれは失礼だ	Find out$dNow that would be going too far	找出来$d这样太过分了	2	SEEN6810	1603
236	オッサンの秘蔵エロ本$d早苗さんの下着$dいらない	The old man's stash of dirty books$dSanae-san's underwear$dI don't need anything	那个老家伙藏的脏书$d早苗-先生的内衣$d我不需要任何东西	3	SEEN6810	3493
237	そろそろ止める$dさらに傍観	She's had enough$dKeep watching	她受够了$d继续看	2	SEEN6810	10497
238	気にしてる$d気にしていない	I do care$dI don't care	我关心$d我无所谓	2	SEEN6810	11458
239	協力する$d逃げ出す	Help him$dRun away	帮帮他$d走开	2	SEEN6811	6554
240	好き$dそういうのではなくて…	I do$dNo, it's not like that...	我当然想$d不 不是那样的...	2	SEEN7000	2629
241	立ち去る$dもう少し様子を見ている	Leave.$dSee what happens for a bit longer.	离开$d看看会发生什么 一段时间。	2	SEEN7100	78
242	正直に答える$d適当にごまかす	Answer honestly$dTry and deceive him somehow	老实回答$d试着欺骗他	2	SEEN7102	75
243	チャンネルを替える$d歌う	Change the channel$dSing	更改频道$d歌声	2	SEEN7102	135
244	同意する$dさらに続きを訊く	Agree$dAsk if there's more	商定$d问还有没有	2	SEEN7102	960
245	明後日まで待って、一緒に行く$d渚ひとりに行かせる	Wait until the day after tomorrow and go together.$dLet Nagisa go alone.	等到后天再一起去$d让渚一个人去。	2	SEEN7102	1662
246	オッサンのこと$dエッチなこと	The old man$dSomething dirty	那个老头$d脏东西	2	SEEN7200	2121
247	抱きしめる$dおはよう、と返す	Embrace her$dSay good morning back to her	拥抱她$d跟她说早安	2	SEEN7200	2630
248	藤林姉妹$dそれ以外	Fujibayashi Sisters$dGo with someone else	藤林修女会$d跟别人去	2	SEEN7400	446
249	姉$d妹	The older sister$dThe younger sister	那个姐姐$d那个妹妹	2	SEEN7400	457
250	古河にする$dそれ以外	Let's go with Furukawa$dGo with someone else	让我们去古河$d跟别人去	2	SEEN7400	1749
251	智代にする$dそれ以外	Let's go with Tomoyo$dGo with someone else	让我们去智代$d跟别人去	2	SEEN7400	2715
252	風子にする$dそれ以外	Let's go with Fuko$dGo with someone else	让我们去风子$d跟别人去	2	SEEN7400	3748
253	俺にする$dそれ以外	Let's go with me$dGo with someone else	我们跟我走$d跟别人去	2	SEEN7400	4543
254	だったらいいけど$d遠くから見るぐらいいいだろ？	Well, that's good if that's the case.$dJust taking a look from a distance shouldn't hurt, right?	好吧,如果是这样的话。$d只是从远处看一眼 应该不会疼吧?	2	SEEN7401_3	1089
255	また来ていいか訊く$dもう来ない	Ask whether I can come again$dDon't come again	问我能不能再来一次$d别再来了	2	SEEN7500	1595
256	叱ってくれるところ$d優しいところ$d戦闘力が高いところ	How you scold$dHow you're kind$dHow you have a high power level	你怎么骂人$d你这么好心$d你怎么会有这么高的功率	3	SEEN7500	3269
257	心配してくれるところ$d優しいところ$d戦闘力が高いところ	How you worry$dHow you're kind$dHow you have a high power level	你怎么这么担心?$d你这么好心$d你怎么会有这么高的功率	3	SEEN7500	3280
258	布団がいい匂いするところ$d優しいところ$d戦闘力が高いところ	How your futon smells nice$dHow you're kind$dHow you have a high power level	你的羽毛闻起来真香$d你这么好心$d你怎么会有这么高的功率	3	SEEN7500	3291
259	心配してくれるところ$d布団がいい匂いするところ$d戦闘力が高いところ	How you worry$dHow your futon smells nice$dHow you have a high power level	你怎么这么担心?$d你的羽毛闻起来真香$d你怎么会有这么高的功率	3	SEEN7500	3329
260	心配してくれるところ$d優しいところ$d布団がいい匂いするところ	How you worry$dHow you're kind$dHow your futon smells nice	你怎么这么担心?$d你这么好心$d你的羽毛闻起来真香	3	SEEN7500	3367
261	心配してくれるところ$d叱ってくれるところ$d戦闘力が高いところ	How you worry$dHow you scold$dHow you have a high power level	你怎么这么担心?$d你怎么骂人$d你怎么会有这么高的功率	3	SEEN7500	3404
262	布団がいい匂いするところ$d叱ってくれるところ$d戦闘力が高いところ	How your futon smells nice$dHow you scold$dHow you have a high power level	你的羽毛闻起来真香$d你怎么骂人$d你怎么会有这么高的功率	3	SEEN7500	3415
263	心配してくれるところ$d叱ってくれるところ$d布団がいい匂いするところ	How you worry$dHow you scold$dHow your futon smells nice	你怎么这么担心?$d你怎么骂人$d你的羽毛闻起来真香	3	SEEN7500	3490
264	叱ってくれるところ$d優しいところ$d心配してくれるところ	How you scold$dHow you're kind$dHow you worry	你怎么骂人$d你这么好心$d你怎么这么担心?	3	SEEN7500	3528
265	布団がいい匂いするところ$d優しいところ$d心配してくれるところ	How your futon smells nice$dHow you're kind$dHow you worry	你的羽毛闻起来真香$d你这么好心$d你怎么这么担心?	3	SEEN7500	3539
266	叱ってくれるところ$d布団がいい匂いするところ$d心配してくれるところ	How you scold$dHow your futon smells nice$dHow you worry	你怎么骂人$d你的羽毛闻起来真香$d你怎么这么担心?	3	SEEN7500	3575
267	叱ってくれるところ$d優しいところ$d布団がいい匂いするところ	How you scold$dHow you're kind$dHow your futon smells nice	你怎么骂人$d你这么好心$d你的羽毛闻起来真香	3	SEEN7500	3611
268	立ち去る$dゆすってみる	Leave$dTry shaking the person	离开$d试着摇晃那个人	2	SEEN7600	83
269	住所を調べて届けてやる$d破り捨てる	Find the address and give it back.$dTear it up	找到地址还给我$d撕下来	2	SEEN7600	354
270	まぁ…しょうがないな…$d宿を紹介してやる	Well... I guess it can't be helped...$dFind him to a place to stay	这个... 我想这是没办法的...$d把他找来住的地方	2	SEEN7601	2470
